了不起的麦瑟尔夫人 第一季,9.0,(38631人评价)
惩罚者 第一季,8.6,(8031人评价)
怪奇物语 第二季,8.8,(36623人评价)
心灵猎人 第一季,8.9,(22666人评价)
怪奇物语 第一季,8.7,(71259人评价)
去他*的世界 第一季,9.0,(47062人评价)
无耻之徒(美版) 第八季,9.7,(8338人评价)
我们这一天 第一季,9.5,(72671人评价)
天赋异禀 第一季,7.7,(13234人评价)
神盾局特工 第五季,9.1,(4385人评价)
我们这一天 第二季,9.5,(13943人评价)
无神 第一季,8.7,(2247人评价)
小谢尔顿 第一季,8.6,(9851人评价)
王冠 第二季,9.4,(4955人评价)
权力的游戏 第七季,9.2,(100457人评价)
西部世界 第一季,8.8,(131683人评价)
权力的游戏 第一季,9.3,(181099人评价)
行尸走肉 第八季,7.1,(6554人评价)
超感猎杀 第一季,8.7,(44424人评价)
良医,8.8,(4510人评价)
使女的故事 第一季,8.8,(22531人评价)
大小谎言 第一季,8.9,(41584人评价)
王冠 第一季,9.2,(20468人评价)
美国恐怖故事：邪教 第七季,7.3,(6871人评价)
毒枭 第一季,9.2,(33578人评价)
生活大爆炸  第一季,9.4,(187107人评价)
瑞克和莫蒂 第三季,9.8,(30998人评价)
绝命毒师 第一季,8.8,(94928人评价)
生活大爆炸 第十一季,9.2,(6843人评价)
真探 第一季,9.2,(64021人评价)
纸牌屋 第一季,9.2,(120130人评价)
高玩救未来 第一季,7.6,(1367人评价)
毒枭 第三季,9.4,(12814人评价)
驱魔人 第二季,8.8,(1866人评价)
瑞克和莫蒂 第一季,9.6,(43154人评价)
堕落街传奇 第一季,8.4,(5420人评价)
老友记 第一季,9.6,(126617人评价)
全能侦探社 第二季,9.1,(2593人评价)
漫长归途,8.1,(979人评价)
摩登家庭 第九季,9.5,(4984人评价)
权力的游戏  第二季,9.4,(125221人评价)
超感猎杀 第二季,9.1,(23457人评价)
傲骨贤妻 第一季,8.9,(43448人评价)
我爱上的人是奇葩 第一季,8.6,(14816人评价)
越狱 第一季,9.2,(126880人评价)
副本,0.0,(尚未播出)
最后一个男人 第一季,7.1,(2467人评价)
无耻之徒 第一季,8.6,(5340人评价)
权力的游戏 第四季,9.6,(101089人评价)
应召女友 第一季,7.0,(4912人评价)
我爱上的人是奇葩 第四季,9.0,(3343人评价)
权力的游戏 第三季,9.4,(114043人评价)
权力的游戏 第六季,9.4,(98080人评价)
瑞克和莫蒂 第二季,9.8,(32190人评价)
权力的游戏 第五季,9.2,(91084人评价)
相对宇宙 第一季,8.8,(806人评价)
傲骨之战 第一季,9.2,(20266人评价)
破产姐妹 第一季,8.9,(130374人评价)
疑犯追踪  第一季,9.1,(39863人评价)
生活大爆炸 第十季,9.1,(22386人评价)
风骚律师 第一季,9.3,(29552人评价)
罪夜之奔,8.7,(29361人评价)
冰血暴 第一季,8.9,(49840人评价)
奥维尔号 第一季,8.1,(1107人评价)
马男波杰克 第一季,9.2,(34559人评价)
百年酒馆,9.3,(14211人评价)
全能侦探社 第一季,8.5,(7877人评价)
追缉：炸弹客,8.9,(6727人评价)
黑客军团 第三季,9.0,(866人评价)
绝命毒师  第五季,9.6,(65997人评价)
一善之差 第二季,8.5,(1214人评价)
千谎百计 第一季,8.7,(107241人评价)
摩登家庭 第一季,9.3,(58096人评价)
硅谷 第一季,9.1,(26643人评价)
风骚律师 第三季,9.6,(17812人评价)
十三个原因 第一季,8.2,(16998人评价)
奥丽芙・基特里奇,9.3,(16511人评价)
犯罪心理 第一季,9.0,(45698人评价)
应召女友 第二季,6.3,(888人评价)
守护者,9.4,(1499人评价)
新闻编辑室 第一季,8.9,(50329人评价)
兄弟连,9.5,(62175人评价)
欲奴,5.9,(8380人评价)
毒枭 第二季,9.3,(19345人评价)
老友记 第十季,9.8,(46922人评价)
生活大爆炸  第二季,9.4,(127908人评价)
离家童盟 第一季,6.5,(748人评价)
马男波杰克 第四季,9.4,(10775人评价)
宿敌：贝蒂和琼 第一季,9.0,(10954人评价)
老友记 第二季,9.7,(49170人评价)
极品老妈 第五季,9.2,(777人评价)
美国众神 第一季,7.8,(11980人评价)
神盾局特工 第一季,7.9,(42162人评价)
大群 第一季,8.0,(14604人评价)
无耻之徒(美版) 第七季,9.5,(17375人评价)
实习医生格蕾 第一季,8.8,(44746人评价)
硅谷 第四季,9.1,(11381人评价)
驱魔人 第一季,8.0,(3446人评价)
超胆侠 第一季,8.2,(10226人评价)
神盾局特工 第四季,8.3,(10234人评价)
绝命毒师  第二季,9.0,(60889人评价)
纸牌屋 第五季,7.4,(16523人评价)
生活大爆炸 第九季,8.8,(26580人评价)
暗黑 第一季,8.6,(2751人评价)
老友记  第三季,9.7,(43808人评价)
越狱 第五季,8.0,(26386人评价)
年轻的教宗 第一季,9.1,(12536人评价)
老友记  第六季,9.7,(38912人评价)
亿万 第一季,8.7,(13708人评价)
绝命毒师  第三季,9.1,(53373人评价)
哥谭 第四季,8.7,(1352人评价)
美国犯罪故事 第一季,8.7,(10497人评价)
无耻之徒(美版) 第五季,9.3,(18738人评价)
老友记  第四季,9.7,(41514人评价)
黑镜 第四季,8.2,(36112人评价)
老爸老妈的浪漫史 第一季,8.9,(40878人评价)
疯子,0.0,(尚未播出)
老友记  第七季,9.7,(37255人评价)
查莉成长日记 第一季,8.7,(3698人评价)
双峰,8.5,(3067人评价)
逍遥法外 第四季,8.7,(2003人评价)
欲望都市  第一季,8.7,(43584人评价)
老友记  第五季,9.7,(39887人评价)
一善之差 第一季,8.0,(6116人评价)
火线 第一季,9.3,(9119人评价)
生活大爆炸  第三季,9.3,(119813人评价)
卫国勇士,7.9,(234人评价)
生活大爆炸  第四季,9.2,(104498人评价)
邪恶力量 第十三季,9.0,(602人评价)
吸血鬼日记 第一季,8.3,(75317人评价)
广告狂人 第一季,8.6,(26592人评价)
汉尼拔 第一季,8.1,(36831人评价)
豪斯医生 第一季,8.9,(32599人评价)
摩登家庭 第八季,9.3,(13450人评价)
生活大爆炸  第五季,9.0,(84056人评价)
闪电侠 第一季,7.5,(15808人评价)
摩登家庭 第二季,9.5,(39060人评价)
生活大爆炸 第七季,9.0,(49770人评价)
老友记  第九季,9.7,(35709人评价)
纸牌屋 第二季,9.2,(68613人评价)
傲骨贤妻 第七季,9.2,(12597人评价)
生活大爆炸 第八季,8.9,(34694人评价)
绝命毒师  第四季,9.3,(50123人评价)
新闻编辑室 第三季,9.5,(15435人评价)
冰血暴 第三季,8.2,(13489人评价)
大西洋帝国 第一季,8.9,(19201人评价)
迷失 第一季,8.5,(52804人评价)
美国恐怖故事：谋杀屋 第一季,7.7,(43896人评价)
怪奇物语 第三季,0.0,(尚未播出)
了不起的麦瑟尔女士 第二季,0.0,(尚未播出)
闪电侠 第四季,6.3,(1230人评价)
非典型孤独,8.5,(3321人评价)
绝望主妇 第一季,8.7,(54680人评价)
生活大爆炸 第六季,8.9,(75275人评价)
太平洋战争,8.8,(27003人评价)
绯闻女孩 第一季,7.9,(91711人评价)
犯罪心理 第十三季,8.4,(1118人评价)
无耻之徒(美版) 第六季,9.4,(16147人评价)
硅谷 第二季,9.2,(17176人评价)
亿万 第二季,9.3,(7009人评价)
越狱  第二季,8.4,(60870人评价)
老友记  第八季,9.7,(36458人评价)
摩登家庭  第三季,9.5,(34337人评价)
我爱上的人是奇葩 第三季,8.8,(4624人评价)
疑犯追踪 第二季,9.4,(27827人评价)
破产姐妹 第二季,8.8,(96532人评价)
妙警贼探 第一季,8.6,(35521人评价)
双峰 第一季,8.9,(8283人评价)
怪奇背后,8.7,(588人评价)
地球X危机,7.8,(82人评价)
我爱上的人是奇葩 第二季,8.6,(7368人评价)
心灵猎人 第二季,0.0,(尚未播出)
疑犯追踪 第五季,9.3,(20086人评价)
纸牌屋 第三季,8.3,(37376人评价)
黑客军团 第一季,7.8,(10619人评价)
海豹突击队,7.4,(429人评价)
风骚律师 第二季,9.4,(19180人评价)
冰血暴 第二季,9.2,(26802人评价)
西部世界 第二季,0.0,(尚未播出)
邪恶力量 第一季,8.5,(26092人评价)
罗马 第一季,8.9,(18752人评价)
实习医生格蕾 第十四季,9.2,(1393人评价)
河谷镇 第一季,6.9,(1018人评价)
星际迷航：发现号 第一季,7.8,(2238人评价)
神盾局特工 第二季,8.2,(21348人评价)
初来乍到 第一季,8.3,(6620人评价)
苍穹浩瀚 第一季,8.3,(5594人评价)
硅谷 第三季,9.2,(13640人评价)
衰女翻身 第一季,7.6,(3464人评价)
超胆侠 第二季,8.5,(5794人评价)
血族 第四季,7.1,(4236人评价)
哥谭 第一季,8.0,(12592人评价)
摩登家庭 第七季,9.3,(16816人评价)
犯罪现场调查 第一季,9.0,(21011人评价)
神盾局特工 第三季,8.2,(15041人评价)
越狱  第三季,7.6,(46651人评价)
苦艾草,0.0,(暂无评分)
摩登家庭 第五季,9.5,(26723人评价)
吉普赛人,8.1,(3727人评价)
美国恐怖故事：旅馆 第五季,7.1,(14678人评价)
纸牌屋 第四季,8.9,(32991人评价)
破产姐妹 第六季,7.6,(9947人评价)
黑钱胜地 第一季,8.1,(6185人评价)
威尔和格蕾丝 第九季,9.4,(1356人评价)
骑士陨落 第一季,6.8,(177人评价)
摩登家庭 第四季,9.4,(32973人评价)
不死法医,8.2,(11474人评价)
福尔摩斯：基本演绎法 第一季,7.8,(29951人评价)
越狱  第四季,7.9,(47303人评价)
逍遥法外 第一季,8.6,(19144人评价)
血路狂飙,6.8,(3646人评价)
更美好的事 第一季,8.3,(1694人评价)
黑镜 第三季,8.8,(79727人评价)
神烦警探 第五季,9.2,(578人评价)
国土安全  第一季,8.2,(41201人评价)
超感猎杀：圣诞特别篇,8.2,(12914人评价)
成长的烦恼 第一季,9.4,(43176人评价)
女子监狱 第一季,8.3,(17802人评价)
疑犯追踪 第三季,9.4,(23544人评价)
废柴联盟 第一季,8.7,(18628人评价)
动漫刑事司,6.7,(169人评价)
傲骨贤妻  第二季,9.2,(25467人评价)
摩登家庭 第六季,9.4,(22207人评价)
权力的游戏 第八季,0.0,(尚未播出)
女子监狱 第五季,8.9,(3894人评价)
苍穹浩瀚 第二季,9.2,(3995人评价)
传教士 第一季,8.2,(5790人评价)
英雄 第一季,8.3,(40487人评价)
僵尸国度 第四季,7.1,(604人评价)
同志亦凡人 第一季,8.9,(20917人评价)
天才 第一季,8.6,(3006人评价)
美国灏 第一季,8.5,(1067人评价)
高堡奇人 第一季,7.6,(6680人评价)
24小时  第一季,8.7,(21550人评价)
异人族,4.3,(1504人评价)
疑犯追踪 第四季,9.4,(21439人评价)
犯罪心理 第十二季,8.3,(4030人评价)
识骨寻踪 第一季,8.5,(12412人评价)
波士顿法律 第一季,9.2,(15578人评价)
咱们裸熊 第一季,9.3,(25225人评价)
危机边缘 第一季,8.5,(23292人评价)
南方公园 第二十一季,9.0,(1276人评价)
急诊室的故事 第一季,9.3,(597人评价)
传教士 第二季,8.5,(3197人评价)
善地 第一季,7.7,(697人评价)
吸血鬼日记 第八季,7.6,(3754人评价)
国土安全 第六季,8.8,(8439人评价)
吸血鬼日记  第二季,8.6,(51793人评价)
哥谭 第三季,8.5,(3987人评价)
超感猎杀：完结特别篇,0.0,(尚未上映)
欲望都市 第六季,9.2,(17316人评价)
傲骨贤妻 第六季,9.2,(12693人评价)
名姝 第一季,8.4,(22690人评价)
怪诞小镇 第一季,9.3,(9854人评价)
马男波杰克 第三季,9.5,(19337人评价)
犯罪心理 第二季,9.2,(24047人评价)
美国恐怖故事：女巫集会 第三季,7.9,(35322人评价)
破产姐妹 第三季,8.3,(55602人评价)
吸血鬼日记 第三季,8.3,(38050人评价)
捍卫者联盟 第一季,6.7,(3492人评价)
谋杀 第一季,8.5,(10271人评价)
破产姐妹 第四季,7.8,(26830人评价)
穹顶之下 第一季,7.0,(23425人评价)
纽约灾星,9.1,(12303人评价)
极品老妈 第一季,8.2,(7458人评价)
幻想快乐,8.3,(218人评价)
黑帆 第一季,8.1,(5019人评价)
萤火虫,9.1,(7581人评价)
金装律师 第一季,8.5,(24666人评价)
破产姐妹 第五季,7.7,(14114人评价)
神烦警探 第一季,8.7,(7813人评价)
血族 第一季,7.2,(23892人评价)
火线 第五季,9.7,(4777人评价)
闪电侠 第二季,7.5,(6768人评价)
传说 第一季,6.5,(369人评价)
康斯坦丁,7.3,(8614人评价)
犯罪心理 第四季,9.3,(20360人评价)
维京传奇 第五季,9.1,(247人评价)
绝望主妇  第八季,9.2,(20352人评价)
衰女翻身 第二季,8.1,(472人评价)
维京传奇 第一季,7.9,(4590人评价)
守望尘世 第一季,8.0,(2695人评价)
美国恐怖故事：洛亚诺克 第六季,7.6,(11421人评价)
千谎百计  第三季,8.0,(20116人评价)
返生餐单 第一季,8.1,(10562人评价)
威尔和格蕾丝 第一季,8.9,(9049人评价)
斯巴达克斯：诅咒者之战 第三季,8.8,(14035人评价)
周一清晨,9.0,(4309人评价)
柏林情报站 第二季,8.7,(212人评价)
守望尘世 第三季,9.0,(1312人评价)
消消气 第一季,8.8,(617人评价)
犯罪心理  第三季,9.2,(20551人评价)
六尺之下 第一季,8.8,(8144人评价)
广告狂人 第七季,9.4,(7991人评价)
杰西卡・琼斯 第一季,7.4,(6668人评价)
迷失  第二季,8.4,(21624人评价)
大小谎言 第二季,0.0,(尚未播出)
探险活宝 第一季,9.3,(5141人评价)
路西法 第三季,8.3,(344人评价)
傲骨贤妻 第三季,9.0,(21002人评价)
马男波杰克 第二季,9.5,(22050人评价)
真探 第二季,8.0,(12618人评价)
更美好的事 第二季,9.2,(167人评价)
末日孤舰 第四季,7.0,(1315人评价)
绯闻女孩  第二季,7.7,(61594人评价)
斯巴达克斯：竞技场之神,8.6,(16453人评价)
纸牌屋 第六季,0.0,(尚未播出)
制造杀人犯 第一季,9.3,(6656人评价)
实习医生格蕾  第二季,8.9,(21745人评价)
梅赛德斯先生 第一季,7.9,(1443人评价)
千谎百计  第二季,8.4,(44059人评价)
蛇蝎女佣 第一季,7.8,(17273人评价)
高堡奇人 第二季,8.6,(2912人评价)
僵尸国度 第一季,7.3,(7376人评价)
极品老妈 第四季,9.0,(2614人评价)
极地恶灵 第一季,0.0,(尚未播出)
当我们崛起时,9.1,(2112人评价)
绝望主妇 第二季,8.7,(23918人评价)
怪诞小镇 第二季,9.7,(6807人评价)
诅咒,7.8,(98人评价)
老爸老妈的浪漫史 第二季,9.1,(23720人评价)
河谷镇 第二季,7.3,(145人评价)
风骚律师 第四季,0.0,(尚未播出)
罗马 第二季,8.9,(10801人评价)
新闻编辑室 第二季,9.0,(20032人评价)
沙娜拉传奇 第二季,6.7,(209人评价)
无为大师 第一季,8.3,(1453人评价)
尼克病院 第一季,8.5,(2799人评价)
海豹六队 第一季,7.1,(2026人评价)
老爸老妈的浪漫史 第九季,8.4,(15980人评价)
咱们裸熊 第三季,9.4,(3665人评价)
特工卡特 第一季,8.2,(9744人评价)
老爸老妈的浪漫史 第三季,9.1,(21617人评价)
绯闻女孩  第三季,7.5,(48017人评价)
妮基塔 第一季,7.9,(44351人评价)
绯闻女孩 第六季,7.6,(21637人评价)
老爸老妈的浪漫史 第五季,9.0,(18488人评价)
黑吃黑 第一季,7.9,(6103人评价)
逍遥法外 第三季,8.2,(5449人评价)
约翰・亚当斯,9.1,(4162人评价)
闪电侠 第三季,6.6,(4169人评价)
傲骨贤妻 第五季,9.3,(17053人评价)
冷战疑云,9.0,(7750人评价)
丛林中的莫扎特 第一季,8.2,(2192人评价)
黑客军团 第二季,8.0,(2425人评价)
罪恶黑名单 第一季,7.6,(12236人评价)
副总统 第一季,8.3,(5020人评价)
汉尼拔 第三季,8.6,(7681人评价)
法律与秩序真实重案：梅内德斯兄弟,8.5,(262人评价)
童话镇 第一季,7.4,(13352人评价)
随性 第一季,7.2,(700人评价)
指定幸存者 第一季,7.9,(4781人评价)
绿箭侠 第六季,7.6,(392人评价)
绿箭侠 第一季,7.2,(24393人评价)
路易不容易 第一季,9.0,(4197人评价)
美国犯罪故事 第二季,0.0,(尚未播出)
实习医生格蕾 第十三季,8.6,(3080人评价)
吸血鬼日记 第四季,7.6,(27337人评价)
迷失  第五季,8.7,(14516人评价)
初代吸血鬼 第四季,8.4,(2043人评价)
老爸老妈的浪漫史 第六季,9.1,(17068人评价)
福尔摩斯：基本演绎法 第五季,8.7,(4362人评价)
无为大师 第二季,8.9,(757人评价)
迷失 第六季,8.7,(17341人评价)
贝茨旅馆 第一季,7.8,(10273人评价)
犯罪心理 第五季,9.2,(18825人评价)
大城小妞 第四季,8.8,(251人评价)
傲骨贤妻 第四季,9.1,(19383人评价)
亚特兰大 第一季,8.7,(2898人评价)
女子监狱 第四季,9.1,(4969人评价)
实习医生格蕾 第三季,8.7,(17486人评价)
欲望都市 第三季,9.0,(16519人评价)
路西法 第一季,6.9,(3029人评价)
毒枭 第四季,0.0,(尚未播出)
黑色孤儿 第五季,9.1,(1946人评价)
初来乍到 第四季,8.1,(185人评价)
国土安全 第二季,8.7,(27618人评价)
重案组 第六季,8.4,(193人评价)
哥谭 第二季,8.5,(5707人评价)
老爸老妈的浪漫史 第四季,9.0,(20008人评价)
老爸老妈的浪漫史 第七季,9.1,(16093人评价)
犯罪心理 第七季,9.2,(14418人评价)
夜班医生 第四季,7.7,(619人评价)
老爸老妈的浪漫史 第八季,9.1,(15921人评价)
迷失 第三季,8.5,(18183人评价)
反恐特警组,6.7,(176人评价)
随性 第二季,7.8,(92人评价)
路西法 第二季,7.7,(1375人评价)
复仇  第一季,8.0,(30482人评价)
真爱如血  第一季,7.5,(19428人评价)
南方公园 第一季,9.0,(18553人评价)
欢乐合唱团 第一季,8.3,(21375人评价)
妙警贼探  第二季,8.9,(21336人评价)
女子监狱 第二季,8.7,(10071人评价)
极品老妈 第三季,8.8,(2934人评价)
铁拳 第一季,5.4,(3377人评价)
怪胎与书呆,9.2,(4230人评价)
妙警贼探 第六季,9.1,(8953人评价)
迷失  第四季,8.6,(16434人评价)
寻 第一季,8.6,(9351人评价)
单亲辣妈 第一季,7.2,(130人评价)
杀戮一代,8.7,(3494人评价)
欲望都市  第二季,8.9,(18043人评价)
假面真情 第一季,7.9,(3693人评价)
邪恶力量 第十二季,8.3,(2126人评价)
奔腾年代 第一季,8.3,(3747人评价)
X档案 第一季,8.9,(11029人评价)
福尔摩斯：基本演绎法 第二季,8.3,(12331人评价)
闪点行动 第一季,8.0,(1330人评价)
白宫风云 第一季,9.1,(4400人评价)
使女的故事 第二季,0.0,(尚未播出)
分手后 第一季,8.5,(4621人评价)
天蝎 第一季,6.9,(7687人评价)
美国谍梦 第一季,8.2,(2908人评价)
妙警贼探  第三季,8.9,(17516人评价)
拉字至上  第一季,8.6,(16526人评价)
明日传奇 第一季,5.7,(2732人评价)
真实的人类 第一季,8.4,(21743人评价)
犯罪心理 第八季,9.0,(12476人评价)
国务卿女士 第一季,7.6,(4031人评价)
沉默的天使,0.0,(尚未播出)
嘉年华 第一季,8.5,(690人评价)
办公室 第一季,8.3,(3556人评价)
超级少女 第三季,6.9,(231人评价)
绯闻女孩  第五季,7.1,(20244人评价)
罪恶黑名单 第五季,8.2,(287人评价)
监狱风云 第一季,8.6,(3735人评价)
吉尔莫女孩 第一季,8.8,(3524人评价)
太空堡垒卡拉狄加  第一季,8.8,(5490人评价)
黑色乌托邦,8.4,(611人评价)
国务卿女士 第四季,8.0,(127人评价)
血族 第三季,7.1,(5259人评价)
公园与游憩 第一季,8.2,(1988人评价)
女子监狱 第三季,8.3,(6398人评价)
都市女孩 第六季,9.1,(2325人评价)
夜班医生 第一季,7.8,(4581人评价)
咱们裸熊 第二季,9.5,(9498人评价)
性爱大师 第四季,8.6,(1032人评价)
欲望都市  第五季,8.9,(14243人评价)
初代吸血鬼 第一季,7.7,(9522人评价)
纽约屁民 第一季,8.5,(2059人评价)
危机边缘  第二季,8.8,(13133人评价)
火线  第四季,9.6,(3473人评价)
犯罪心理 第十季,8.8,(7919人评价)
妙警贼探 第四季,8.9,(13701人评价)
荒原 第二季,7.5,(1110人评价)
黑帆 第四季,8.7,(1898人评价)
犯罪心理 第十一季,8.9,(6269人评价)
伞学院 第一季,0.0,(尚未播出)
吸血鬼日记 第五季,6.8,(13488人评价)
我爱上的人是奇葩 第五季,0.0,(尚未播出)
夜魔侠 第三季,0.0,(尚未播出)
僵尸国度 第三季,7.2,(1647人评价)
血族 第二季,7.1,(8150人评价)
绝望主妇 第四季,8.8,(20032人评价)
妮基塔 第四季,8.2,(8402人评价)
幻世浮生,8.2,(11818人评价)
绝望主妇 第三季,8.8,(21278人评价)
绿箭侠 第五季,6.8,(1832人评价)
末日孤舰 第一季,7.7,(8253人评价)
同妻俱乐部 第一季,8.1,(2030人评价)
实习医生格蕾 第十二季,8.5,(3895人评价)
权力的游戏：征服与反抗,7.2,(1355人评价)
贝茨旅馆 第五季,8.7,(1579人评价)
僵尸国度 第二季,7.9,(3273人评价)
欲望都市 第四季,9.0,(15407人评价)
双峰  第二季,8.2,(3300人评价)
福尔摩斯：基本演绎法 第四季,8.6,(5741人评价)
都市女孩 第一季,7.9,(7581人评价)
全程直击 第一季,8.6,(1001人评价)
初来乍到 第三季,8.3,(1112人评价)
少年嘻哈梦,9.3,(1963人评价)
顶级生活 第一季,5.3,(249人评价)
扪心问诊 第一季,8.9,(2357人评价)
明日传奇 第三季,7.0,(242人评价)
西部风云,9.1,(2334人评价)
天桥骄子 第十六季,7.9,(403人评价)
戏里戏外 第五季,8.9,(345人评价)
创业公司 第一季,8.1,(1496人评价)
11.22.63,7.7,(3699人评价)
都铎王朝 第一季,7.6,(14471人评价)
大西洋帝国 第五季,9.3,(5514人评价)
国土安全 第四季,9.0,(13719人评价)
大群 第二季,0.0,(尚未播出)
傲骨之战 第二季,0.0,(尚未播出)
霹雳游侠 第一季,8.6,(7844人评价)
中产家庭  第一季,8.5,(2273人评价)
低俗怪谈 第一季,7.6,(14123人评价)
波吉亚家族 第一季,8.1,(7057人评价)
绯闻女孩  第四季,7.5,(33289人评价)
再造淑女,7.9,(9965人评价)
灵书妙探 第一季,8.0,(9660人评价)
初来乍到 第二季,8.3,(2300人评价)
迷雾,5.2,(3772人评价)
发展受阻 第一季,8.7,(5289人评价)
绝望主妇 第七季,8.8,(16928人评价)
大城小妞 第一季,8.4,(1541人评价)
实习医生格蕾 第五季,8.9,(15174人评价)
夜班医生 第三季,8.3,(1333人评价)
婚外情事 第一季,7.8,(4986人评价)
盲点 第三季,0.0,(暂无评分)
随性所欲 第一季,8.0,(3233人评价)
福尔摩斯：基本演绎法 第三季,8.3,(7574人评价)
副总统 第二季,9.0,(3251人评价)
极品老妈 第二季,8.6,(4171人评价)
宋飞正传 第一季,8.5,(4313人评价)
最后一个男人 第二季,7.0,(740人评价)
福尔摩斯：基本演绎法 第六季,0.0,(尚未播出)
犯罪心理 第九季,8.9,(9692人评价)
实习医生格蕾 第八季,9.1,(10532人评价)
嘻哈帝国 第二季,8.0,(3174人评价)
柏林情报站 第一季,7.7,(727人评价)
废柴联盟  第二季,9.2,(11142人评价)
国土安全 第五季,8.8,(10622人评价)
嘻哈帝国 第一季,8.1,(7985人评价)
废柴联盟 第三季,9.2,(8911人评价)
乡巴佬希尔一家的幸福生活 第一季,9.0,(2040人评价)
古战场传奇 第三季,8.4,(363人评价)
实习医生格蕾  第六季,9.0,(13750人评价)
主厨的餐桌 第一季,9.2,(4057人评价)
双面格蕾丝,8.5,(1551人评价)
反击 第六季,6.9,(190人评价)
逍遥法外 第二季,8.5,(9366人评价)
妮基塔 第二季,8.0,(18456人评价)
实习医生格蕾  第四季,8.7,(14640人评价)
夜班医生 第二季,8.3,(2330人评价)
黑道家族 第一季,8.8,(6366人评价)
我是僵尸 第一季,7.2,(5082人评价)
六尺之下 第五季,9.5,(2026人评价)
绝望主妇 第六季,8.8,(19229人评价)
火线 第三季,9.5,(4359人评价)
黑色孤儿 第一季,8.8,(12453人评价)
希区柯克剧场  第一季,9.1,(3152人评价)
绝望主妇 第五季,8.7,(22365人评价)
迷离时空(原版) 第一季,9.3,(1077人评价)
广告狂人 第六季,9.1,(7127人评价)
指定幸存者 第二季,6.6,(375人评价)
辛普森一家  第一季,9.0,(14245人评价)
邪恶力量  第二季,8.8,(13061人评价)
寻 第二季,8.8,(6437人评价)
超级少女 第一季,6.2,(3363人评价)
同志亦凡人 第二季,9.2,(6629人评价)
盲点 第一季,6.8,(1978人评价)
格林 第一季,7.4,(10913人评价)
犯罪心理 第六季,9.0,(15685人评价)
天蝎 第四季,7.0,(191人评价)
贝茨旅馆 第二季,7.6,(3644人评价)
穿越者 第一季,7.5,(566人评价)
肮脏妻子俱乐部,0.0,(暂无评分)
104号房间 第一季,6.1,(1297人评价)
杰西卡・琼斯 第二季,0.0,(尚未播出)
欢乐一家亲 第一季,9.2,(1530人评价)
神烦警探 第二季,9.0,(4231人评价)
绿箭侠 第二季,7.4,(8061人评价)
金牌律师,8.6,(5231人评价)
政局边缘,9.2,(11018人评价)
特工卡特 第二季,8.1,(4817人评价)
蛇蝎美人 第一季,5.9,(4292人评价)
末日孤舰 第三季,6.8,(3427人评价)
豪斯医生 第八季,9.5,(7909人评价)
法律与秩序 第一季,9.3,(1791人评价)
犯罪现场调查 第四季,9.2,(4962人评价)
芝加哥急救 第三季,0.0,(暂无评分)
蛇蝎女佣 第二季,8.1,(9899人评价)
闭眼 第一季,7.4,(367人评价)
黑胶时代,8.4,(1297人评价)
生死狙击 第一季,7.2,(2277人评价)
亿万 第三季,0.0,(尚未播出)
末日孤舰 第二季,8.3,(4833人评价)
陨落星辰 第一季,6.8,(3924人评价)
善地 第二季,8.3,(164人评价)
蛇蝎女佣 第三季,8.1,(5435人评价)
重案组 第一季,7.8,(1522人评价)
绿箭侠 第三季,7.0,(5404人评价)
瑞克和莫蒂 第四季,0.0,(尚未播出)
费丽丝蒂 第一季,8.5,(1589人评价)
黑帆 第三季,9.1,(2434人评价)
神烦警探 第三季,8.8,(3020人评价)
女子无畏 第一季,7.4,(462人评价)
同妻俱乐部 第三季,8.8,(500人评价)
飞出个未来 第一季,9.3,(7877人评价)
朽木 第一季,8.5,(490人评价)
谋杀 第四季,8.7,(3280人评价)
危机边缘 第四季,8.5,(7576人评价)
罪恶黑名单 第四季,7.7,(1301人评价)
新超人 第一季,8.9,(4356人评价)
困兽 第一季,6.8,(1592人评价)
零异频道 第二季,7.6,(317人评价)
律师本色 第一季,9.1,(1391人评价)
基和皮尔 第一季,9.2,(1276人评价)
识骨寻踪 第十季,8.5,(2104人评价)
危机边缘 第五季,8.5,(6839人评价)
蛇蝎女佣 第四季,8.0,(3719人评价)
盲点 第二季,7.2,(488人评价)
马可波罗 第一季,5.9,(4762人评价)
黑松镇 第一季,7.3,(2342人评价)
大西洋帝国  第二季,9.2,(9415人评价)
黑吃黑 第四季,8.5,(2716人评价)
大西洋帝国 第三季,9.3,(7233人评价)
吸血鬼日记 第七季,6.7,(4193人评价)
人人都爱雷蒙德 第一季,8.6,(6877人评价)
失联,7.4,(282人评价)
同志亦凡人 第三季,9.3,(5856人评价)
搜寻死党 第一季,7.4,(245人评价)
犯罪现场调查 第五季,9.3,(4766人评价)
加州靡情 第一季,8.2,(3765人评价)
恐怖大师 第一季,7.4,(6261人评价)
神盾局特工：双面特工 第一季,7.9,(1232人评价)
妮基塔 第三季,8.0,(11400人评价)
生活大爆炸 第十二季,0.0,(尚未播出)
黑色孤儿 第四季,8.8,(2672人评价)
剧集版超能陆战队,6.7,(78人评价)
黑色警报 第一季,8.2,(813人评价)
夸里,8.2,(1594人评价)
真实的人类 第二季,8.4,(6219人评价)
嘉年华 第二季,9.1,(167人评价)
吸血鬼日记 第六季,6.6,(7285人评价)
直弯好基友,8.0,(10478人评价)
地球百子 第四季,8.0,(679人评价)
老爸有招 第一季,7.1,(499人评价)
家有喜旺 第一季,8.5,(9905人评价)
神烦警探 第四季,8.8,(1660人评价)
花园墙外,9.2,(6198人评价)
钱斯医生 第二季,8.8,(107人评价)
吃脑外星人,8.0,(2100人评价)
犯罪现场调查 第十二季,8.7,(3302人评价)
越南战争,9.3,(768人评价)
创业公司 第二季,8.3,(164人评价)
魔法师 第一季,6.3,(1586人评价)
最后的大亨,7.7,(842人评价)
犯罪现场调查 第二季,9.2,(6699人评价)
在下、鄙人和我,8.4,(287人评价)
邪恶力量  第四季,8.9,(11830人评价)
明迪烦事多 第六季,0.0,(暂无评分)
黑帮卧底 第一季,8.4,(281人评价)
实习医生格蕾 第十一季,8.5,(4589人评价)
谋杀 第二季,8.9,(6590人评价)
奔腾年代 第四季,9.1,(390人评价)
寻：电影版,7.8,(8677人评价)
尼克病院 第二季,9.2,(946人评价)
黑帆 第二季,9.1,(2970人评价)
我是僵尸 第二季,7.5,(1941人评价)
犯罪现场调查 第十五季,8.7,(1825人评价)
雷蒙・斯尼奇的不幸历险 第一季,7.5,(1992人评价)
南城警事 第一季,8.6,(1420人评价)
风中的女王 第三季,7.3,(752人评价)
地球百子 第三季,7.5,(1332人评价)
离婚 第一季,6.8,(858人评价)
广告狂人  第三季,9.2,(9523人评价)
童话镇 第三季,7.7,(3101人评价)
黑色孤儿 第三季,8.7,(3858人评价)
守望尘世 第二季,8.9,(1654人评价)
急诊室的故事 第十二季,8.8,(1973人评价)
小小安妮 第一季,8.7,(1706人评价)
初代吸血鬼 第五季,0.0,(尚未播出)
超市特工 第一季,7.8,(8352人评价)
德州长子 第一季,7.9,(288人评价)
副校长 第二季,8.0,(249人评价)
美少女的谎言 第一季,7.5,(12755人评价)
犯罪现场调查：纽约 第一季,8.6,(7514人评价)
整容室 第一季,7.6,(4688人评价)
超人前传 第一季,7.6,(2834人评价)
好女孩的反抗,8.3,(238人评价)
美女上错身 第一季,8.1,(17090人评价)
金装律师 第七季,7.5,(523人评价)
行尸之惧 第一季,6.9,(4009人评价)
美国众神 第二季,0.0,(尚未播出)
金装律师 第六季,7.6,(1729人评价)
密西西比 第二季,8.7,(218人评价)
戏里戏外 第一季,7.8,(2988人评价)
脆莓公园 第一季,8.6,(6125人评价)
曼哈顿计划 第一季,8.0,(1480人评价)
乔伊 第一季,7.2,(2256人评价)
国土安全 第三季,8.6,(19055人评价)
欢乐合唱团 第四季,7.6,(4699人评价)
达・芬奇的恶魔 第一季,7.6,(8715人评价)
嘻哈帝国 第四季,7.6,(202人评价)
贝茨旅馆 第三季,7.8,(2077人评价)
邪恶力量  第三季,8.9,(12027人评价)
格林 第六季,8.1,(1688人评价)
黑吃黑 第二季,8.3,(3408人评价)
生死狙击 第二季,7.1,(406人评价)
荒原 第一季,6.5,(4565人评价)
纽约屁民 第二季,8.8,(731人评价)
骨肉之躯,7.9,(3291人评价)
黑吃黑 第三季,8.6,(3302人评价)
消消气 第八季,9.2,(129人评价)
犯罪现场调查 第九季,8.9,(4282人评价)
罪恶黑名单 第二季,8.0,(3938人评价)
与卡戴珊一家同行 第一季,6.7,(172人评价)
圣经故事,8.2,(6250人评价)
发现女巫,0.0,(尚未播出)
美女摔角联盟 第一季,7.6,(734人评价)
超感神探 第一季,8.2,(11665人评价)
初代吸血鬼 第三季,8.0,(2316人评价)
超级少女 第二季,6.6,(1176人评价)
密西西比 第一季,8.5,(544人评价)
急诊室的故事 第二季,9.2,(214人评价)
假面真情 第二季,0.0,(尚未播出)
风中的女王 第一季,7.2,(7147人评价)
先见之明 第一季,6.9,(2503人评价)
致命武器 第一季,7.9,(755人评价)
怪奇物语 第四季,0.0,(尚未播出)
犯罪现场调查 第十季,8.6,(3322人评价)
爆笑女警 第一季,7.6,(1409人评价)
金装律师 第五季,8.2,(2679人评价)
犯罪现场调查 第十一季,8.6,(3388人评价)
真探 第三季,0.0,(尚未播出)
危机边缘  第三季,8.6,(10035人评价)
鬼玩人 第二季,8.6,(1307人评价)
地球百子 第一季,6.6,(4245人评价)
硅谷 第五季,0.0,(尚未播出)
国务卿女士 第三季,7.4,(649人评价)
罗曼诺夫后裔,0.0,(尚未播出)
黑色孤儿 第二季,8.7,(6479人评价)
俗世乐土 第一季,8.8,(3573人评价)
无耻之徒  第二季,8.7,(791人评价)
重案组 第五季,8.6,(405人评价)
大西洋帝国 第四季,9.3,(5468人评价)
探险活宝 第八季,9.8,(665人评价)
海豹六队 第二季,0.0,(尚未播出)
绿箭侠 第四季,6.5,(3302人评价)
沙娜拉传奇 第一季,6.4,(2163人评价)
识骨寻踪 第二季,8.9,(6378人评价)
处女情缘 第一季,7.1,(897人评价)
火线警告 第一季,7.9,(2425人评价)
广告狂人 第五季,9.3,(8551人评价)
犯罪现场调查 第三季,9.2,(5692人评价)
犯罪现场调查 第六季,9.3,(4374人评价)
浪女大厨 第一季,7.0,(2259人评价)
难以伺候,7.9,(1532人评价)
游侠笑传 第一季,8.4,(3082人评价)
豪斯医生  第四季,9.3,(10905人评价)
犯罪现场调查 第八季,9.2,(4309人评价)
谜之屋,8.4,(11499人评价)
火线  第二季,9.5,(4832人评价)
天使在美国,8.5,(2630人评价)
异形庇护所 第一季,7.2,(303人评价)
妙警贼探 第五季,8.7,(9705人评价)
童话镇 第二季,7.6,(4916人评价)
4400 第一季,7.4,(7080人评价)
公园与游憩 第三季,9.3,(954人评价)
大西洋底来的人,8.2,(1755人评价)
戏里戏外 第四季,8.9,(853人评价)
邪恶力量 第十季,8.2,(3590人评价)
罪案终结 第一季,8.2,(4038人评价)
恶搞之家 第一季,8.7,(3150人评价)
副总统 第四季,9.2,(2374人评价)
德州午夜,6.7,(524人评价)
天赐 第一季,7.7,(8774人评价)
地狱之轮 第一季,8.0,(1579人评价)
疑犯追踪 试播集,9.4,(1614人评价)
生活点滴 第一季,8.1,(481人评价)
X档案 第十季,7.6,(2354人评价)
为人父母 第一季,8.2,(677人评价)
威尔和格蕾丝  第六季,9.1,(2569人评价)
孤鸽镇,9.5,(1779人评价)
遗失的世界 第一季,9.0,(822人评价)
明日传奇 第二季,6.5,(995人评价)
我是僵尸 第三季,7.5,(673人评价)
威尔和格蕾丝 第七季,9.1,(2423人评价)
老无所惧,0.0,(尚未播出)
路易不容易 第三季,9.5,(1875人评价)
鬼玩人 第一季,8.0,(2871人评价)
欢乐合唱团  第二季,8.5,(11216人评价)
法律与秩序：特殊受害者 第一季,8.6,(1600人评价)
婚外情事 第三季,8.3,(1369人评价)
随性所欲 第二季,8.1,(1486人评价)
燃情克利夫兰 第六季,9.3,(1485人评价)
实习医生格蕾  第七季,9.0,(11682人评价)
铁杉树丛 第一季,6.9,(6668人评价)
豪斯医生  第二季,9.3,(12732人评价)
透明家庭 第四季,8.4,(256人评价)
豪斯医生  第五季,9.2,(10352人评价)
列王纪,7.3,(2114人评价)
灵战 第一季,5.8,(132人评价)
威尔和格蕾丝  第四季,9.3,(3236人评价)
广告狂人  第二季,9.0,(11349人评价)
海军罪案调查处  第三季,9.1,(1496人评价)
副总统 第三季,9.3,(2681人评价)
广告狂人  第四季,9.3,(8954人评价)
豪斯医生  第三季,9.3,(10825人评价)
生活点滴 第二季,8.7,(191人评价)
如果还有明天 第一季,8.9,(5064人评价)
白公主,6.7,(1151人评价)
利器,0.0,(尚未播出)
邪恶力量 第十一季,8.2,(2769人评价)
铁证悬案 第一季,7.9,(3031人评价)
犯罪现场调查 第十三季,8.5,(2607人评价)
德古拉,7.1,(5947人评价)
邪恶力量 第六季,8.5,(9176人评价)
低俗怪谈 第二季,8.2,(4007人评价)
海军罪案调查处 第一季,8.6,(5046人评价)
根,8.6,(989人评价)
芝加哥警署 第一季,8.1,(1153人评价)
钱斯医生 第一季,7.1,(633人评价)
丛林中的莫扎特 第三季,7.9,(300人评价)
大城小妞 第三季,9.0,(603人评价)
消消气 第九季,8.9,(84人评价)
无路可退,8.0,(1351人评价)
返生餐单 第二季,0.0,(尚未播出)
低俗怪谈 第三季,8.3,(3007人评价)
实习医生格蕾 第十季,9.0,(6652人评价)
废柴联盟 第六季,8.4,(3269人评价)
初代吸血鬼 第二季,7.8,(3281人评价)
加里森敢死队,9.0,(5361人评价)
镜花水月 第一季,7.6,(2014人评价)
犯罪现场调查 第七季,9.3,(4608人评价)
灵书妙探  第二季,8.3,(5628人评价)
邪恶力量 第九季,8.4,(4771人评价)
谋杀 第三季,8.3,(4102人评价)
随性所欲 第三季,8.1,(731人评价)
废柴联盟 第四季,8.7,(6513人评价)
中产家庭 第七季,9.2,(234人评价)
美国谍梦 第三季,8.6,(1119人评价)
罪恶黑名单 第三季,8.2,(2689人评价)
芝加哥急救 第一季,7.8,(581人评价)
纽约屁民 第三季,0.0,(尚未播出)
波士顿法律 第二季,9.4,(5517人评价)
波士顿法律  第四季,9.3,(4188人评价)
波士顿法律  第五季,9.2,(4451人评价)
穹顶之下 第三季,5.7,(2822人评价)
波士顿法律 第三季,9.4,(4888人评价)
黑镜 第二季,9.1,(122676人评价)
忧愁河上桥 第一季,8.9,(187人评价)
邪恶力量 第七季,8.4,(7380人评价)
美国谍梦 第二季,8.4,(1548人评价)
十二猴子 第一季,7.2,(2685人评价)
贝茨旅馆 第四季,8.3,(1671人评价)
美少女的谎言  第二季,7.8,(6257人评价)
国土安全 第七季,0.0,(尚未播出)
女作家与谋杀案 第一季,8.1,(208人评价)
24小时  第八季,9.2,(6167人评价)
罪人,7.2,(219人评价)
好汉两个半  第一季,8.5,(18135人评价)
燃情克利夫兰  第二季,9.1,(3106人评价)
都市侠盗 第五季,8.7,(1828人评价)
都市女孩 第五季,9.0,(2289人评价)
海滩救护队 第一季,7.9,(1290人评价)
王冠 第三季,0.0,(尚未播出)
伪装者 第一季,8.7,(3294人评价)
中产家庭 第八季,9.1,(212人评价)
新成长的烦恼 第一季,8.3,(9574人评价)
情妇 第一季,7.3,(8668人评价)
欢乐一家亲 第十一季,9.6,(423人评价)
犯罪现场调查 第十四季,8.6,(1954人评价)
风中的女王 第四季,7.7,(326人评价)
英雄  第二季,7.6,(16886人评价)
格林 第三季,8.1,(3016人评价)
马可波罗 第二季,6.9,(781人评价)
十分钟速成课：哲学,9.8,(105人评价)
怪妈闯荡记 第一季,6.7,(346人评价)
侠胆雄狮,7.9,(3988人评价)
老爸有招 第二季,0.0,(暂无评分)
欢乐合唱团 第六季,8.2,(1995人评价)
童话镇 第四季,7.8,(2408人评价)
狗狗博客 第一季,8.2,(1204人评价)
古战场传奇 第一季,7.6,(3477人评价)
透明家庭 第一季,8.6,(3685人评价)
妙女神探 第一季,7.8,(4172人评价)
畸变 第一季,5.8,(396人评价)
天蝎 第三季,7.3,(1315人评价)
火线警探 第一季,8.1,(1353人评价)
太空堡垒卡拉狄加,8.7,(3559人评价)
欢乐一家亲 第七季,9.6,(454人评价)
欢乐合唱团  第三季,8.1,(7141人评价)
飞黄腾达  第一季,8.8,(5433人评价)
少男奶爸 第六季,8.1,(389人评价)
凯莉日记 第一季,6.8,(11696人评价)
美国谍梦 第五季,8.6,(593人评价)
西镇警魂 第六季,0.0,(暂无评分)
拽妹黛薇儿 第一季,9.3,(2665人评价)
副总统 第五季,9.3,(2315人评价)
波吉亚家族 第三季,8.5,(2501人评价)
腐烂,7.0,(73人评价)
高堡奇人 第三季,0.0,(尚未播出)
同志亦凡人 第四季,9.1,(4801人评价)
婚外情事 第二季,8.9,(2487人评价)
小丑回魂,7.1,(3981人评价)
丑女贝蒂 第一季,7.8,(18589人评价)
吉尔莫女孩：生命中的一年,8.3,(429人评价)
识骨寻踪 第十二季,8.9,(1285人评价)
卢克・凯奇 第一季,7.0,(2291人评价)
灵书妙探  第三季,8.3,(4854人评价)
副总统 第六季,8.6,(1223人评价)
我爱迪克,8.0,(120人评价)
美国谍梦 第四季,8.6,(759人评价)
穹顶之下 第二季,6.6,(6203人评价)
丑闻 第一季,7.5,(4949人评价)
高中前要做的一百件事 第一季,8.2,(175人评价)
目击证人,7.5,(800人评价)
天蝎 第二季,7.5,(2225人评价)
公园与游憩 第四季,9.3,(870人评价)
狩猎季节 第一季,7.0,(3983人评价)
闪点行动 第二季,8.6,(634人评价)
周六夜现场：西尔莎・罗南/U2,6.4,(89人评价)
终结者外传 第一季,7.5,(3032人评价)
无耻之徒 第五季,9.2,(540人评价)
燃情克利夫兰 第五季,9.0,(1459人评价)
越狱特别篇：最后一越,7.9,(22226人评价)
拉字至上  第三季,8.8,(5176人评价)
恶魔城 第一季,7.5,(2833人评价)
成为沃伦・巴菲特,8.6,(2987人评价)
我本坚强 第一季,7.7,(1367人评价)
穿越烟壶,7.2,(1885人评价)
混乱之子 第一季,8.3,(1291人评价)
生活大麻烦,7.4,(314人评价)
黑镜 第一季,9.3,(204275人评价)
我为喜剧狂 第一季,8.3,(6562人评价)
X档案 第二季,9.1,(1369人评价)
实习医生格蕾 第九季,9.1,(9318人评价)
邪恶力量 第八季,8.4,(6537人评价)
重生,7.0,(1293人评价)
亲爱的白人们 第一季,8.2,(113人评价)
诈欺担保人 第一季,8.5,(987人评价)
路易不容易 第四季,9.2,(1617人评价)
威尔和格蕾丝  第五季,9.2,(2802人评价)
燃情克利夫兰 第一季,8.7,(4973人评价)
最后一个男人 第四季,0.0,(暂无评分)
费城永远阳光灿烂 第十二季,9.7,(61人评价)
应召男郎 第一季,6.2,(570人评价)
邪恶力量  第五季,8.9,(10898人评价)
24小时：再活一天,8.6,(7736人评价)
真爱如血  第二季,8.2,(10639人评价)
机器之心,7.6,(5126人评价)
南方公园  第五季,9.5,(2620人评价)
芝加哥警署 第三季,8.6,(424人评价)
十三个原因：幕后故事,9.1,(363人评价)
罪案终结 第四季,8.8,(1212人评价)
罪案终结  第三季,8.7,(1257人评价)
秘密部队 第一季,8.1,(984人评价)
灵书妙探 第四季,8.3,(4284人评价)
超感神探 第四季,8.6,(3429人评价)
美少女的谎言 第三季,7.5,(4501人评价)
格林 第二季,8.0,(4923人评价)
布拉德・尼利神经秀 第一季,8.3,(702人评价)
汉娜・蒙塔娜 第二季,8.5,(3232人评价)
拽妹黛薇儿 第五季,9.5,(604人评价)
汉娜・蒙塔娜  第四季,8.4,(1745人评价)
豪门恩怨,6.2,(129人评价)
童话镇 第七季,6.0,(139人评价)
单身毒妈 第一季,8.2,(6664人评价)
少男奶爸 第一季,7.6,(3747人评价)
巴斯特・斯克鲁格斯的歌谣,0.0,(尚未播出)
服务外包,8.4,(4919人评价)
马男波杰克 第五季,0.0,(尚未播出)
24小时 第七季,8.8,(5777人评价)
穿越时间线 第一季,6.8,(807人评价)
肯尼迪家族,8.2,(2790人评价)
梅尔罗斯,0.0,(尚未播出)
宿敌：查尔斯与戴安娜 第二季,0.0,(尚未播出)
行尸之惧 第三季,6.6,(614人评价)
如果还有明天 第四季,9.3,(1782人评价)
办公室  第六季,9.1,(812人评价)
兄弟姐妹 第一季,8.7,(3346人评价)
格林 第五季,8.1,(1906人评价)
重案组 第三季,8.4,(947人评价)
曼哈顿计划 第二季,8.4,(337人评价)
不安感 第一季,7.8,(416人评价)
急诊室的故事 第三季,8.9,(148人评价)
汉娜・蒙塔娜 第一季,8.2,(5903人评价)
幸运路易,8.6,(1372人评价)
脆莓公园 第三季,9.1,(2720人评价)
真爱如血  第三季,8.3,(8573人评价)
南城警事 第五季,9.4,(572人评价)
夏威夷特勤组 第八季,0.0,(暂无评分)
风中的女王 第二季,7.1,(2028人评价)
少狼 第六季,8.3,(432人评价)
妹子老板,6.8,(633人评价)
禁忌 第一季,8.4,(6184人评价)
如果还有明天  第二季,8.9,(2522人评价)
中产家庭  第二季,8.8,(1361人评价)
花花公子俱乐部,7.3,(2260人评价)
白宫风云  第二季,9.4,(1070人评价)
最后一个男人 第三季,7.1,(306人评价)
谜湖之巅 第一季,7.5,(1472人评价)
闭眼 第二季,0.0,(暂无评分)
维京传奇 第二季,8.6,(2207人评价)
先见之明 第二季,0.0,(尚未播出)
穿越者 第二季,8.3,(143人评价)
刑事调查大揭秘 第二季,9.2,(194人评价)
中产家庭 第九季,0.0,(暂无评分)
路易不容易 第二季,9.4,(2088人评价)
嘻哈帝国 第三季,7.5,(1171人评价)
识骨寻踪 第九季,8.7,(2541人评价)
少狼 第五季,7.4,(646人评价)
拉字至上  第二季,8.8,(6334人评价)
六场危事,7.8,(3611人评价)
欢乐一家亲 第八季,9.4,(401人评价)
欢乐一家亲 第九季,9.4,(361人评价)
欢乐一家亲 第十季,9.5,(367人评价)
恐怖大师 第二季,7.3,(1139人评价)
刑事调查大揭秘 第一季,9.0,(453人评价)
马尔科姆的一家 第一季,9.3,(1153人评价)
少男奶爸 第三季,8.1,(1640人评价)
零异频道 第一季,5.8,(539人评价)
办公室  第七季,9.3,(810人评价)
浪女大厨 第二季,7.4,(836人评价)
情妇 第三季,7.3,(1891人评价)
东区女巫 第一季,6.8,(4582人评价)
神盾局特工：弹弓,6.5,(500人评价)
大城小妞 第二季,9.0,(796人评价)
明星伙伴 第一季,8.2,(1762人评价)
我本坚强 第三季,7.9,(181人评价)
私人诊所 第一季,7.4,(2051人评价)
真爱如血 第六季,7.8,(5151人评价)
鬼语者 第一季,7.5,(5325人评价)
清道夫 第一季,7.2,(2957人评价)
新成长的烦恼  第二季,9.0,(2386人评价)
办公室   第二季,9.1,(1262人评价)
亡者归来 第一季,7.3,(3655人评价)
透明家庭 第三季,8.9,(712人评价)
公园与游憩 第五季,9.2,(803人评价)
暴君 第三季,6.8,(2161人评价)
周六夜现场：蒂凡尼・哈迪斯/泰勒・斯威夫特,0.0,(暂无评分)
甜心俏佳人 第一季,8.4,(877人评价)
希区柯克悬念故事集,9.3,(514人评价)
拉字至上  第六季,8.9,(4723人评价)
真爱如血 第七季,7.6,(3784人评价)
国务卿女士 第二季,8.2,(1496人评价)
三代同层,0.0,(暂无评分)
英雄：重生,6.0,(1918人评价)
狩猎季节 第二季,6.4,(1269人评价)
氰化欢乐秀 第一季,9.0,(1391人评价)
黑鹰坠落,8.5,(109278人评价)
设计人生,7.2,(4805人评价)
都市女孩 第四季,8.7,(2464人评价)
美女上错身 第二季,8.2,(8494人评价)
杀出个黎明 第一季,7.3,(2914人评价)
威尔和格蕾丝  第二季,9.3,(4082人评价)
人人都恨克里斯 第一季,8.7,(4114人评价)
欢迎来到瑞典 第一季,7.8,(1158人评价)
维多利亚的秘密2017时装秀,5.1,(2001人评价)
翡翠城 第一季,6.9,(426人评价)
球手们 第一季,7.5,(1532人评价)
昭雪 第一季,8.2,(3799人评价)
疯狂前女友 第一季,7.5,(360人评价)
隔离死城,7.1,(1295人评价)
拉字至上  第五季,8.9,(4251人评价)
少狼 第一季,6.7,(2980人评价)
重案组 第二季,8.3,(1277人评价)
灵书妙探 第六季,8.4,(2193人评价)
公园与游憩 第六季,9.3,(663人评价)
废柴联盟 第五季,8.5,(4962人评价)
十三个原因 第二季,0.0,(尚未播出)
缚爱之约 第一季,5.5,(78人评价)
熟女镇 第一季,7.5,(5918人评价)
绝不折中：绝命毒师最终季制作记录,9.4,(2037人评价)
宇宙时空之旅,9.6,(6241人评价)
记忆神探  第一季,6.8,(2226人评价)
正义联盟 第二季,9.1,(581人评价)
家有喜旺  第二季,8.6,(5096人评价)
地球百子 第二季,7.7,(2150人评价)
美国恐怖故事 第八季,0.0,(尚未播出)
超感神探 第七季,8.9,(1956人评价)
少狼 第二季,7.4,(1968人评价)
灵书妙探 第七季,8.3,(1831人评价)
搜寻死党 第二季,0.0,(暂无评分)
行尸走肉(网络版) 第一季,7.4,(2831人评价)
识骨寻踪  第三季,9.0,(5599人评价)
拉字至上  第四季,8.8,(4583人评价)
X档案 第十一季,8.2,(94人评价)
大学同学 第一季,6.5,(671人评价)
美眉校探 第一季,8.2,(7081人评价)
她说了算 第一季,0.0,(暂无评分)
美爪屋,7.6,(228人评价)
犯罪现场调查完结篇：不朽,8.3,(1310人评价)
我爱露西 第一季,8.3,(169人评价)
芝加哥警署 第五季,8.5,(85人评价)
暴君 第二季,7.9,(4280人评价)
24小时  第二季,8.9,(7030人评价)
堕落街传奇 第二季,0.0,(尚未播出)
女孩成长记 第一季,7.8,(233人评价)
摩登家庭 第十季,0.0,(尚未播出)
生死狙击 第三季,0.0,(尚未播出)
南方公园 第十九季,9.2,(2940人评价)
副校长 第一季,7.6,(697人评价)
瑞恩・汉森破案秀 第一季,0.0,(暂无评分)
阴阳魔界,8.4,(741人评价)
美国犯罪故事 第三季,0.0,(尚未播出)
尖叫皇后 第一季,6.2,(3396人评价)
分手后 第二季,8.2,(1770人评价)
都铎王朝 第二季,8.0,(5564人评价)
超感神探  第二季,8.6,(5397人评价)
氪星,0.0,(尚未播出)
飞出个未来 第七季,9.6,(1835人评价)
灵书妙探 第五季,8.4,(3303人评价)
加州靡情 第五季,8.2,(820人评价)
秘密特工,8.5,(59人评价)
魔女之家 第一季,0.0,(暂无评分)
熟女镇 第六季,8.2,(229人评价)
灵指神探  第二季,7.8,(1230人评价)
正义联盟 第四季,9.2,(488人评价)
维京传奇 第四季,8.6,(1368人评价)
地狱之轮 第五季,9.1,(308人评价)
欢乐合唱团 第五季,7.4,(2414人评价)
逝者之证 第一季,7.6,(3054人评价)
南方女王 第二季,8.4,(79人评价)
雷神3：诸神黄昏,7.5,(120891人评价)
加州靡情  第三季,8.4,(1215人评价)
铁杉树丛 第二季,7.4,(2240人评价)
豪斯医生  第六季,9.3,(9186人评价)
护士当家 第三季,8.1,(399人评价)
急诊室的故事 第七季,8.9,(76人评价)
破釜沉舟,7.9,(8797人评价)
美少女的谎言 第七季,7.1,(710人评价)
拽妹黛薇儿 第二季,9.5,(1047人评价)
英雄  第三季,7.2,(13532人评价)
指环王,0.0,(尚未播出)
办公室   第三季,9.3,(1012人评价)
星际之门 SG-1   第二季,8.8,(344人评价)
罪案终结 第七季,9.1,(1094人评价)
加州靡情  第四季,8.5,(1037人评价)
灵媒缉凶 第一季,7.9,(2066人评价)
降世神通：科拉传奇 第一季,8.6,(1999人评价)
急诊室的故事 第十五季,8.7,(37人评价)
红橡树 第一季,8.3,(170人评价)
逆转奇兵 第一季,7.4,(421人评价)
紧急呼救,6.9,(132人评价)
护士当家 第一季,8.1,(1269人评价)
欲望都市,7.7,(77842人评价)
无言有爱 第一季,8.0,(355人评价)
血仇,8.4,(2770人评价)
特效化妆师大对决 第一季,8.9,(8892人评价)
王冠 第四季,0.0,(尚未播出)
办公室 第九季,9.3,(753人评价)
抽象：设计的艺术,9.4,(1688人评价)
铁证悬案 第四季,8.5,(505人评价)
超级甜甜圈 第一季,7.6,(250人评价)
明迪烦事多 第二季,8.1,(364人评价)
超人前传  第二季,7.7,(784人评价)
神探阿蒙 第一季,8.6,(3933人评价)
好兆头,0.0,(尚未播出)
罪案终结  第五季,8.9,(1145人评价)
为人父母 第三季,8.4,(200人评价)
真爱如血  第五季,8.3,(6272人评价)
风城大佬 第一季,8.6,(1096人评价)
美少女人鱼 第二季,7.8,(51人评价)
好汉两个半 第四季,8.7,(5036人评价)
辛普森一家 第二十九季,9.5,(136人评价)
丑闻 第六季,7.4,(323人评价)
戈德堡一家 第一季,8.6,(1891人评价)
X档案 第三季,9.0,(1173人评价)
同妻俱乐部 第二季,8.8,(749人评价)
性与暴力 第一季,7.5,(116人评价)
黑道家族 第二季,9.1,(2370人评价)
镜花水月 第二季,7.8,(749人评价)
威尔和格蕾丝  第八季,9.4,(2756人评价)
汉娜・蒙塔娜 第三季,8.4,(2374人评价)
死亡医生,8.5,(17858人评价)
少男奶爸 第五季,8.0,(550人评价)
降魔警探 第一季,6.6,(59人评价)
超感神探 第五季,8.6,(2723人评价)
火线警探 第六季,9.2,(302人评价)
营销伎巧 第一季,8.3,(847人评价)
成长的烦恼  第五季,9.6,(2439人评价)
谍海浮沉,7.5,(252人评价)
成长的烦恼  第七季,9.5,(3226人评价)
爆笑女警 第三季,7.7,(178人评价)
替身姐妹 ,7.1,(2833人评价)
图坦卡蒙,6.2,(637人评价)
触摸未来 第一季,7.8,(10585人评价)
流言终结者 第六季,9.7,(166人评价)
超能 第一季,5.8,(191人评价)
罪案终结 第二季,8.7,(1367人评价)
都市侠盗  第四季,8.5,(2197人评价)
编织记忆 第二季,7.2,(189人评价)
星蝶公主 第一季,8.7,(758人评价)
警察世家 第八季,0.0,(暂无评分)
幸存者：角色之争 第三十五季,7.6,(266人评价)
女人帮,7.7,(8104人评价)
戏里戏外 第三季,8.7,(1117人评价)
少男奶爸 第四季,8.0,(1013人评价)
好汉两个半 第八季,8.4,(3983人评价)
大器晚成 第一季,7.3,(3452人评价)
年轻的教宗 第二季,0.0,(尚未播出)
行尸之惧 第二季,6.3,(1598人评价)
十三号仓库 第一季,7.5,(6278人评价)
超感神探 第六季,8.6,(2271人评价)
格林 第四季,8.0,(2426人评价)
侦探双雄,7.0,(65人评价)
都市侠盗  第二季,8.4,(3420人评价)
少男奶爸 第二季,7.9,(2275人评价)
星际迷航：再续原初 第一季,9.0,(120人评价)
损友的美好时代,7.8,(1668人评价)
末日孤舰 第五季,0.0,(尚未播出)
新超人 第四季,8.6,(138人评价)
荆棘鸟,8.9,(3793人评价)
公园与游憩 第七季,9.3,(641人评价)
百味超市 第二季,8.0,(184人评价)
识骨寻踪 第八季,8.8,(3389人评价)
好汉两个半 第六季,8.6,(4584人评价)
西镇警魂 第一季,8.2,(369人评价)
欲情,4.9,(366人评价)
欢乐一家亲 第二季,9.5,(702人评价)
欢乐一家亲 第五季,9.5,(492人评价)
南城警事  第二季,9.0,(723人评价)
克朗代克,8.0,(1132人评价)
畸变 第二季,0.0,(暂无评分)
识骨寻踪  第四季,9.0,(5653人评价)
脆莓公园 第二季,9.0,(2745人评价)
厨房秘事,7.7,(3566人评价)
男追女 第一季,7.9,(670人评价)
搏击王国 第三季,9.0,(107人评价)
人人都爱雷蒙德  第二季,9.0,(1670人评价)
为人父母 第二季,8.6,(288人评价)
海军罪案调查处 第四季,9.0,(1394人评价)
小丑梦摇篮 第二季,9.0,(171人评价)
神奇女侠,7.6,(513人评价)
青年莎士比亚,7.7,(1248人评价)
夜班经理 第一季,7.3,(14968人评价)
东区恋人们 第一季,7.9,(189人评价)
南方公园 第十八季,9.4,(2716人评价)
少狼 第三季,7.7,(1595人评价)
年轻一代 第三季,8.0,(426人评价)
开荒岛民 第一季,7.1,(857人评价)
终结者外传 第二季,7.6,(1530人评价)
凯莉日记 第二季,7.3,(4396人评价)
血色月光,8.0,(4373人评价)
缘起泽尔达,6.8,(421人评价)
识骨寻踪 第七季,8.9,(3960人评价)
大嘴巴 第一季,7.7,(171人评价)
降世神通 第一季,8.9,(3689人评价)
主厨的餐桌 第二季,9.3,(1219人评价)
海军罪案调查处 第十五季,0.0,(暂无评分)
遗失的世界 第二季,9.0,(271人评价)
火星叔叔马丁 第一季,8.2,(929人评价)
六尺之下 第二季,9.0,(2348人评价)
情妇 第四季,6.9,(1079人评价)
无耻之徒(美版) 第九季,0.0,(尚未播出)
好汉两个半 第七季,8.5,(4305人评价)
致命武器 第二季,8.5,(139人评价)
潜行追踪(美版) 第一季,7.7,(2067人评价)
海军罪案调查处 第十季,9.0,(894人评价)
迈克和茉莉 第六季,8.6,(139人评价)
同志亦凡人 第五季,9.3,(5350人评价)
少狼 第四季,7.4,(889人评价)
恋爱时代 第一季,8.2,(416人评价)
美食的艺术 第一季,0.0,(尚未播出)
家有喜旺 第三季,8.6,(3781人评价)
南方公园 第二十季,8.4,(2317人评价)
家庭战争 第一季,8.6,(1698人评价)
巨怪猎人 第一季,8.1,(270人评价)
美女上错身 第三季,8.3,(5146人评价)
查莉成长日记 第二季,8.9,(1902人评价)
星际之门：亚特兰蒂斯 第一季,8.3,(1799人评价)
路易不容易 第五季,9.2,(1107人评价)
戈德堡一家 第五季,0.0,(暂无评分)
约会规则 第一季,7.8,(716人评价)
沉睡谷 第一季,6.9,(5889人评价)
我欲为人(美版) 第一季,7.0,(1511人评价)
清道夫 第三季,8.8,(779人评价)
南方公园 第十七季,9.4,(3130人评价)
当幸福来敲门,8.9,(572411人评价)
主厨的餐桌 第三季,9.1,(849人评价)
神奇女侠,7.1,(222744人评价)
神探阿蒙  第三季,8.7,(536人评价)
矮子当道,8.3,(127人评价)
黑帮卧底 第二季,0.0,(暂无评分)
神探阿蒙  第四季,8.9,(454人评价)
金装律师 第四季,8.1,(3531人评价)
天才少女,8.1,(53258人评价)
哨兵 第一季,8.5,(348人评价)
福是全家福的福 第一季,8.3,(646人评价)
幽浮入侵,8.4,(1728人评价)
美式主妇 第一季,7.3,(544人评价)
律政佳人 第一季,7.3,(1251人评价)
妙女神探  第二季,8.1,(2846人评价)
探险活宝 第九季,9.8,(121人评价)
超级保姆 第一季,9.0,(1019人评价)
游侠笑传 第二季,8.8,(1506人评价)
童话镇 第五季,7.6,(1441人评价)
美国重案 第二季,8.8,(730人评价)
丑闻 第五季,7.0,(648人评价)
橘子郡男孩  第一季,7.6,(6981人评价)
真爱如血  第四季,8.5,(7884人评价)
黑钱胜地 第二季,0.0,(尚未播出)
反击 第四季,8.6,(3159人评价)
迮珍娜 第一季,7.7,(2525人评价)
裂痕 第一季,8.3,(1835人评价)
寻梦环游记,9.0,(351415人评价)
罪恶之家,7.7,(857人评价)
曼哈顿爱情故事,7.5,(3774人评价)
非凡戏剧团,0.0,(尚未播出)
谜湖之巅 第二季,7.4,(520人评价)
神秘博士 第一季,8.8,(13201人评价)
与卡戴珊一家同行 第十一季,7.6,(41人评价)
燃情克利夫兰 第四季,9.0,(2080人评价)
杰茜驾到 第六季,7.7,(165人评价)
芝加哥急救 第二季,8.0,(287人评价)
识骨寻踪 第十一季,8.4,(1434人评价)
黑色警报 第二季,8.8,(305人评价)
约翰・奥利弗上周今夜秀 第四季,9.4,(162人评价)
情理法的春天 第一季,8.4,(94人评价)
灵指神探 第一季,7.7,(3356人评价)
糊涂侦探 第一季,9.4,(4410人评价)
我们的世界末日,8.5,(2603人评价)
24小时  第五季,9.0,(5859人评价)
维京传奇 第六季,0.0,(尚未播出)
海军罪案调查处 第二季,9.1,(1687人评价)
小丑回魂,7.3,(59936人评价)
跟踪者,7.3,(6979人评价)
迷幻学院,7.1,(1094人评价)
反击  第二季,8.1,(4179人评价)
豺狼之吻,7.5,(406人评价)
黑道家族  第六季,9.3,(1977人评价)
沉睡谷 第二季,7.0,(1467人评价)
凡妮莎海辛 第一季,5.1,(293人评价)
黑色的血缘,0.0,(尚未播出)
凡妮莎海辛 第二季,0.0,(暂无评分)
爱国者 第二季,0.0,(尚未播出)
燃情克利夫兰 第三季,9.1,(2669人评价)
网络犯罪调查 第一季,6.7,(1243人评价)
我的青春期,8.9,(1058人评价)
复仇 第二季,7.8,(14358人评价)
周六夜现场：瑞恩・高斯林/Jay-Z,7.7,(173人评价)
单身毒妈 第八季,8.7,(1941人评价)
办公室 第四季,9.1,(1019人评价)
探险活宝 第七季,9.7,(1146人评价)
黄金女郎 第一季,9.3,(331人评价)
南方公园  第八季,9.4,(2823人评价)
西镇警魂 第三季,9.0,(161人评价)
南方公园  第四季,9.5,(2739人评价)
禁闭岛,8.6,(370583人评价)
戈德堡一家 第三季,8.5,(324人评价)
恶 第一季,8.9,(227人评价)
沉睡谷 第三季,6.4,(379人评价)
海军罪案调查处：洛杉矶 第六季,8.0,(199人评价)
王牌保镖,7.2,(68308人评价)
盾牌 第一季,8.9,(1003人评价)
辛普森：美国制造,9.5,(9383人评价)
新霹雳游侠,6.9,(5050人评价)
人人都爱雷蒙德  第五季,9.0,(1114人评价)
急诊室的故事 第十季,8.6,(54人评价)
此时此刻,0.0,(尚未播出)
繁华酒店,8.3,(1710人评价)
夏威夷特勤组 第一季,7.7,(2831人评价)
隐世灵医,8.1,(686人评价)
家有喜旺 第四季,8.4,(2157人评价)
费城永远阳光灿烂 第二季,9.1,(415人评价)
鞋店事务所 第一季,7.8,(1899人评价)
敦刻尔克,8.5,(287426人评价)
福是全家福的福 第二季,8.9,(185人评价)
口红丛林  第二季,7.7,(841人评价)
维京传奇 第三季,8.8,(1741人评价)
魔幻都市 第一季,7.0,(472人评价)
球手们 第三季,8.2,(406人评价)
火线警探 第四季,9.2,(444人评价)
超市特工  第三季,8.2,(2932人评价)
犯罪现场调查：迈阿密 第一季,8.0,(3496人评价)
超人前传   第九季,7.8,(461人评价)
大而不倒,8.2,(9990人评价)
凡人烦人 第一季,8.3,(1379人评价)
死亡谷 ,7.8,(1462人评价)
呼叫迈阿密,7.7,(354人评价)
客户名单 第一季,5.5,(911人评价)
鸡皮疙瘩 第一季,7.5,(32人评价)
杰克・莱恩,0.0,(尚未播出)
周六夜现场：盖尔・加朵/萨姆・史密斯,6.8,(119人评价)
鲁保罗变装皇后秀 第七季,8.4,(592人评价)
十三号仓库 第四季,7.9,(1872人评价)
明迪烦事多 第一季,7.5,(749人评价)
魂归故里,6.8,(256人评价)
浪女大厨 第五季,7.4,(196人评价)
至亲血统 第二季,8.4,(127人评价)
清道夫 第五季,8.6,(294人评价)
丑闻 第七季,7.5,(67人评价)
弦乐航班  第二季,9.2,(197人评价)
无能为力,6.0,(786人评价)
丛林中的莫扎特 第四季,0.0,(尚未播出)
海军罪案调查处 第十四季,8.4,(230人评价)
迥芯绞 第一季,7.8,(671人评价)
俏妈新上路  第五季,8.1,(71人评价)
威尔和格蕾丝  第三季,9.3,(3548人评价)
基和皮尔 第四季,8.8,(350人评价)
律界巨人 第一季,7.7,(1451人评价)
南方公园,8.5,(27999人评价)
降世神通 第二季,9.2,(2316人评价)
降世神通 第三季,9.3,(2201人评价)
昭雪 第四季,9.2,(492人评价)
透明家庭 第二季,8.9,(1459人评价)
太空堡垒卡拉狄加 第四季,8.9,(2119人评价)
超人前传 第十季,8.0,(522人评价)
罪案第六感 第一季,7.7,(1959人评价)
雷蒙・斯尼奇的不幸历险 第二季,0.0,(尚未播出)
女子监狱 第六季,0.0,(尚未播出)
活在当下 第一季,8.3,(194人评价)
年轻一代 第一季,7.7,(861人评价)
菲尔的环球饕餮 第一季,8.8,(202人评价)
铁证悬案 第五季,8.5,(423人评价)
铁证悬案 第六季,8.4,(383人评价)
忧愁河上桥 第二季,9.0,(34人评价)
侠胆雄狮 第四季,5.7,(60人评价)
东区女巫 第二季,6.8,(1744人评价)
那时那地,8.1,(414人评价)
Lie to Me: Grievous Bodily Harm,8.8,(80人评价)
IT狂人 第一季,8.9,(52408人评价)
都铎王朝 第四季,8.0,(3339人评价)
根,7.9,(128人评价)
带糖的陌生人,8.4,(111人评价)
飞出个未来 第三季,9.5,(2097人评价)
喜新不厌旧 第三季,8.2,(133人评价)
妙女神探 第五季,8.2,(1137人评价)
我本坚强 第二季,7.8,(387人评价)
正义联盟 第五季,9.0,(427人评价)
巨人的陨落 第一季,0.0,(尚未播出)
火星时代 第一季,9.0,(616人评价)
城堡石,0.0,(尚未播出)
浴血黑帮 第一季,8.8,(9458人评价)
控方证人,9.6,(99020人评价)
患难与共 第一季,7.2,(206人评价)
好汉两个半  第二季,8.8,(6711人评价)
好汉两个半 第三季,8.8,(5649人评价)
波吉亚家族 第二季,8.5,(3467人评价)
好汉两个半 第五季,8.6,(4521人评价)
重案组 第四季,8.5,(625人评价)
美国商业大亨传奇,9.3,(2141人评价)
荣耀之女,8.0,(1316人评价)
夜夜迷离 第一季,8.7,(56人评价)
识骨寻踪 第六季,9.0,(4715人评价)
利勒哈默尔 第一季,8.4,(222人评价)
银河护卫队2,8.0,(204982人评价)
机器肉鸡 第三季,9.1,(157人评价)
嘻哈正史 第一季,8.8,(258人评价)
演员工作室：老爸老妈的浪漫史,9.5,(187人评价)
罪案第六感 第三季,8.1,(478人评价)
夏日亡魂,5.6,(419人评价)
逝者之证 第二季,7.9,(1962人评价)
超人前传 第四季,7.6,(514人评价)
HitRECord on TV 第一季,9.2,(225人评价)
基和皮尔 第二季,9.3,(581人评价)
白宫风云  第三季,9.4,(733人评价)
黑松镇 第二季,6.4,(462人评价)
飞龙特工队,0.0,(暂无评分)
灵异之城 第一季,7.5,(1922人评价)
小丑梦摇篮 第一季,8.2,(574人评价)
欲望都市2,6.7,(38237人评价)
铁杉树丛 第三季,5.8,(779人评价)
疯狂前女友 第二季,7.9,(101人评价)
我爱你，美国 第一季,0.0,(暂无评分)
戏里戏外 第二季,8.4,(1775人评价)
球手们 第二季,8.1,(630人评价)
芝加哥律政,7.1,(240人评价)
24小时 第六季,8.7,(3939人评价)
来宾登记,7.6,(110人评价)
难处之人 第三季,0.0,(暂无评分)
庭审专家 第一季,6.4,(408人评价)
律师本色  第八季,9.3,(556人评价)
费城永远阳光灿烂 第一季,8.5,(973人评价)
德雷尔一家 第一季,9.0,(7826人评价)
明迪烦事多 第四季,7.7,(168人评价)
X档案 第六季,9.1,(864人评价)
不安感 第二季,8.6,(163人评价)
福斯特医生 第一季,8.9,(29075人评价)
探索者传说 第一季,7.1,(1632人评价)
美国犯罪故事 第四季,0.0,(尚未播出)
神探阿蒙  第六季,8.9,(391人评价)
路易斯和克拉克 第一季,0.0,(尚未播出)
法律与秩序：特殊受害者 第十七季,8.8,(184人评价)
日常工作 第一季,8.7,(1311人评价)
体育老师笑传 第一季,8.3,(89人评价)
宇宙小子 第一季,8.8,(328人评价)
成长的烦恼  第二季,9.6,(3341人评价)
办公室 第八季,8.8,(616人评价)
中产家庭 第三季,8.9,(1052人评价)
变性双面杀手,8.1,(3172人评价)
泛美航空 ,7.8,(4953人评价)
我的妈啊 第一季,7.9,(111人评价)
黑人同志故事辑,7.7,(145人评价)
公园与游憩 第二季,9.2,(1345人评价)
生活点滴 第三季,0.0,(暂无评分)
退休警察烦事多 第二季,0.0,(暂无评分)
超级甜甜圈 第二季,0.0,(暂无评分)
博斯 第二季,8.8,(238人评价)
南方公园 第十六季,9.3,(4133人评价)
全境通告,6.0,(696人评价)
超人前传  第三季,7.6,(689人评价)
驱魔浪人 第二季,6.1,(67人评价)
烹,8.2,(562人评价)
最后的镜头：告别海滨帝国,9.7,(70人评价)
口红丛林 第一季,7.2,(3565人评价)
环游世界八十天,7.9,(3590人评价)
我知道这是真的,0.0,(尚未播出)
人人都爱雷蒙德  第七季,9.1,(960人评价)
与梦随行 第一季,7.6,(105人评价)
为人父母 第四季,8.5,(111人评价)
都市侠盗 第三季,8.5,(3158人评价)
绝命毒师外传,8.5,(246人评价)
难处之人 第一季,7.6,(110人评价)
铁拳 第二季,0.0,(尚未播出)
飞狼 第一季,9.1,(122人评价)
逍遥医生,7.1,(1015人评价)
南方公园 第十五季,9.4,(3634人评价)
杀手信徒 第一季,6.7,(7599人评价)
海军罪案调查处 第六季,9.1,(1379人评价)
小查和寇弟的游轮生活 第一季,7.8,(293人评价)
暗网 第一季,7.5,(187人评价)
爱情二三事 第一季,7.5,(484人评价)
为人师表,7.3,(199人评价)
遗失的世界,8.5,(1524人评价)
新超人 第三季,8.8,(160人评价)
奥维尔号 第二季,0.0,(尚未播出)
舞魅天下 第十四季,8.2,(131人评价)
超级保姆 第四季,0.0,(暂无评分)
边境 第二季,0.0,(暂无评分)
犯罪心理：穿越国界 第二季,6.5,(217人评价)
乱世德心,7.3,(188人评价)
为人父母 第五季,8.5,(76人评价)
海绵宝宝 第九季,9.4,(541人评价)
芝加哥烈焰 第二季,8.2,(689人评价)
飞出个未来 第四季,9.6,(1768人评价)
博斯 第一季,8.1,(691人评价)
绿洲,7.9,(93人评价)
警察世家 第七季,8.6,(64人评价)
情牵你我她 第一季,7.0,(115人评价)
奔腾年代 第二季,8.3,(1340人评价)
魔法师 第二季,7.6,(211人评价)
殖民地 第二季,7.9,(85人评价)
童话镇 第六季,7.4,(647人评价)
小查与寇弟的顶级生活 第一季,8.5,(1154人评价)
怪妈闯荡记 第三季,8.7,(71人评价)
超人前传  第七季,7.8,(384人评价)
罪案终结 第六季,8.9,(1111人评价)
欢乐一家亲 第三季,9.5,(596人评价)
欢乐一家亲 第四季,9.5,(537人评价)
欢乐一家亲 第六季,9.4,(476人评价)
机器少女法兰姬 第一季,6.6,(462人评价)
千古掘密,5.8,(391人评价)
法外情真 第一季,8.8,(445人评价)
生活大爆炸：试播集,6.3,(8808人评价)
开荒岛民 第二季,7.8,(225人评价)
闪电侠,7.2,(605人评价)
把妹大作战 第二季,8.1,(278人评价)
逝者之证 第三季,7.4,(1124人评价)
魔鬼圣婴,5.8,(1194人评价)
超感神探 第三季,8.7,(4406人评价)
随性所欲 第四季,0.0,(尚未播出)
吉尔莫女孩 第三季,9.0,(610人评价)
正义联盟,6.6,(122207人评价)
警察世家 第一季,7.9,(786人评价)
犯罪现场调查：迈阿密 第二季,8.3,(863人评价)
浪女大厨 第三季,7.1,(411人评价)
超人前传  第五季,7.6,(490人评价)
朽木 第三季,8.3,(95人评价)
杰夫与外星人,8.3,(225人评价)
魔界奇谭 第一季,8.4,(779人评价)
芝加哥烈焰 第三季,7.8,(393人评价)
人人都爱雷蒙德  第六季,9.1,(972人评价)
急诊室的故事 第五季,8.8,(113人评价)
棕榈镇疑云,6.3,(194人评价)
黑色童话,0.0,(尚未播出)
爱上朋友妈 第一季,6.4,(638人评价)
金装律师 第三季,8.2,(6713人评价)
斗篷与匕首,0.0,(尚未播出)
海绵宝宝 第二季,9.4,(1206人评价)
方舟2号,8.1,(324人评价)
法律与秩序：特殊受害者 第五季,8.9,(278人评价)
神探阿蒙  第二季,8.9,(646人评价)
救世 第一季,6.5,(582人评价)
掷地有声 第一季,7.5,(113人评价)
极速前进 第二十一季,8.6,(780人评价)
小不列颠大美利坚,8.8,(4613人评价)
加州靡情  第二季,8.5,(1704人评价)
全面回忆2070,7.8,(58人评价)
成长教育,7.7,(90816人评价)
天赋异人 第二季,0.0,(暂无评分)
堕落天使 第一季,8.0,(70人评价)
年轻一代 第四季,7.7,(239人评价)
爱国者 第一季,8.1,(115人评价)
永无止境,7.2,(2575人评价)
困兽 第三季,5.2,(118人评价)
记忆神探 第二季,7.1,(770人评价)
扪心问诊  第三季,9.1,(513人评价)
主厨的餐桌：法国篇 第一季,9.0,(568人评价)
战争与回忆,9.2,(318人评价)
喜当爷,7.4,(580人评价)
出柜家庭 第二季,8.0,(219人评价)
鬼楼契约,6.6,(6508人评价)
犯罪现场调查：迈阿密 第十季,8.2,(650人评价)
抗争 第一季,6.1,(670人评价)
幸运狗,9.3,(476人评价)
都市侠盗 第一季,8.2,(6704人评价)
反击 第五季,8.1,(2268人评价)
南方公园  第十四季,9.4,(3460人评价)
犬友笑传 第一季,6.9,(922人评价)
欲望华尔街,7.6,(36人评价)
灵媒缉凶 第六季,8.6,(320人评价)
与卡戴珊一家同行 第十三季,0.0,(暂无评分)
安迪・麦克 第一季,0.0,(暂无评分)
牧场趣事 第一季,7.8,(314人评价)
识骨寻踪 第五季,9.0,(5249人评价)
与弩男同骑,8.7,(127人评价)
犯罪现场调查：迈阿密 第六季,8.4,(589人评价)
谜案追凶 第一季,6.1,(713人评价)
错位青春 第五季,7.2,(66人评价)
奔腾年代 第三季,8.7,(612人评价)
急诊室的故事 第八季,8.9,(74人评价)
急诊室的故事 第九季,8.7,(60人评价)
开心汉堡店 第一季,8.0,(1352人评价)
周六夜现场：Chance The Rapper/埃米纳姆,0.0,(暂无评分)
惩罚者 第二季,0.0,(尚未播出)
三级：史上最伟大的成人电影,0.0,(暂无评分)
南方公园  第十二季,9.5,(2444人评价)
超人前传 第八季,7.6,(466人评价)
谎言屋 第一季,7.1,(1475人评价)
基和皮尔 第三季,9.2,(480人评价)
急诊室的故事 第四季,8.8,(121人评价)
南城警事 第三季,9.2,(641人评价)
明星整人秀 第九季,7.4,(213人评价)
海军罪案调查处  第九季,9.0,(1226人评价)
急诊室的故事 第六季,8.9,(89人评价)
信任,0.0,(尚未播出)
神探阿蒙  第五季,8.9,(399人评价)
神探阿蒙  第七季,8.9,(371人评价)
神探阿蒙  第八季,9.2,(509人评价)
开心汉堡店 第六季,8.9,(197人评价)
希区柯克长篇故事集 第一季,9.2,(197人评价)
美国重案 第一季,7.8,(654人评价)
乱世佳人,9.2,(285612人评价)
数字追凶 第一季,7.5,(2493人评价)
男追女 第三季,8.6,(143人评价)
记忆神探 第三季,7.2,(587人评价)
金装律师 第二季,8.4,(13347人评价)
七宗罪,8.7,(450916人评价)
胜利之歌 第一季,8.1,(661人评价)
无耻之徒 第四季,8.9,(499人评价)
空战群英,0.0,(尚未播出)
探险活宝 第五季,9.7,(1659人评价)
替身标靶 第一季,7.4,(1190人评价)
豪斯医生  第七季,9.0,(7123人评价)
都市传说 第一季,8.8,(3190人评价)
第四类地球人 第一季,7.5,(163人评价)
消消气 第七季,9.2,(124人评价)
超级减肥王 第一季,8.4,(647人评价)
风月场 第二季,0.0,(暂无评分)
24小时 第三季,8.8,(6257人评价)
圣域 第二季,6.8,(242人评价)
开心汉堡店 第七季,9.1,(136人评价)
退休警察烦事多 第一季,6.9,(190人评价)
四姐妹,7.1,(51人评价)
霹雳游侠 第二季,8.7,(58人评价)
遗失的世界 第三季,8.6,(161人评价)
间谍亚契 第一季,8.6,(753人评价)
吸血鬼猎人巴菲 第一季,7.8,(1082人评价)
废柴舅舅 第一季,9.0,(24579人评价)
神探亨特,8.2,(3887人评价)
法律与秩序 第十季,9.1,(50人评价)
归来记 第一季,8.6,(240人评价)
神探夏洛克 第一季,9.3,(231630人评价)
反击 第三季,8.2,(3259人评价)
灵异妙探大电影,4.8,(100人评价)
都市女孩 第二季,8.3,(4294人评价)
浪女大厨 第四季,6.9,(293人评价)
处女情缘 第二季,7.9,(214人评价)
维多利亚的秘密2009时装秀,8.0,(1261人评价)
罪恶黑名单：救赎,6.7,(343人评价)
恋恋笔记本,8.5,(285874人评价)
黑客军团 第四季,0.0,(尚未播出)
陨落星辰 第五季,6.5,(697人评价)
博斯 第三季,9.0,(163人评价)
马尔科姆的一家 第二季,9.4,(595人评价)
知心老史 第一季,0.0,(暂无评分)
胜利之光 第一季,9.0,(385人评价)
阿甘妙世界 第一季,9.2,(680人评价)
护士当家 第二季,8.3,(534人评价)
都市女孩 第三季,8.6,(2882人评价)
丽人保镖 第一季,7.5,(723人评价)
清道夫 第二季,8.3,(994人评价)
出柜家庭 第一季,7.3,(514人评价)
急诊室的故事 第十一季,8.5,(44人评价)
暴力监狱 第三季,9.1,(693人评价)
我们这一天 第三季,0.0,(尚未播出)
美国谍梦 第六季,0.0,(尚未播出)
南与北,8.9,(325人评价)
驻院医生,0.0,(暂无评分)
权力的游戏：非赢即死,8.7,(339人评价)
训练日,5.4,(81人评价)
清道夫 第四季,8.8,(478人评价)
韦科惨案,0.0,(尚未播出)
波特兰迪亚 第一季,8.4,(576人评价)
变装求职记,7.5,(2403人评价)
洛城黑帮,7.8,(1573人评价)
诡媚海妖,0.0,(尚未播出)
反击 第一季,8.4,(8186人评价)
律政狂鲨 第二季,8.2,(197人评价)
复仇 第四季,7.0,(4647人评价)
假如明天来临,8.4,(548人评价)
再续前缘 第一季,8.7,(77人评价)
人鱼秘境 第一季,0.0,(暂无评分)
法律与秩序：特殊受害者 第十八季,8.7,(145人评价)
妙女神探 第三季,8.1,(2290人评价)
泰坦,0.0,(尚未播出)
把妹大作战 第三季,8.1,(185人评价)
浴血黑帮 第四季,9.3,(2069人评价)
南方女王 第一季,7.6,(416人评价)
星蝶公主 第二季,9.2,(265人评价)
鬼入侵,0.0,(尚未播出)
正义联盟 第三季,8.5,(506人评价)
搏击王国 第一季,7.7,(604人评价)
布莱克书店 第一季,9.0,(33282人评价)
天桥骄子：全明星赛 第一季,8.1,(3249人评价)
24小时  第四季,8.9,(5511人评价)
怪怪家庭,7.4,(829人评价)
六尺之下 第四季,9.0,(1531人评价)
至亲血统 第三季,8.1,(66人评价)
开心汉堡店 第三季,9.0,(521人评价)
罪案第六感 第二季,8.1,(838人评价)
小镇疑云(美版),6.8,(853人评价)
俗世乐土 第二季,9.2,(1905人评价)
被解救的姜戈,8.5,(259628人评价)
苍穹浩瀚 第三季,0.0,(尚未播出)
六尺之下  第三季,9.1,(1800人评价)
比弗利富二代 第一季,6.7,(179人评价)
发展受阻 第三季,9.3,(1799人评价)
律政狂鲨 第一季,8.0,(3102人评价)
维多利亚的秘密2016时装秀,6.9,(1949人评价)
英雄  第四季,6.8,(6615人评价)
发展受阻 第二季,9.3,(2159人评价)
黑道家族 第三季,9.2,(2013人评价)
美眉校探  第三季,8.4,(2800人评价)
超级蜱人,6.4,(102人评价)
恶搞之家  第九季,9.2,(390人评价)
超人前传 第六季,7.7,(464人评价)
鬼玩人 第三季,0.0,(尚未播出)
我为喜剧狂 第七季,8.9,(867人评价)
肌肤之亲,6.9,(435人评价)
地球百子 第五季 第五季,0.0,(尚未播出)
局内人,7.7,(45483人评价)
英版同志亦凡人 第二季,9.2,(3384人评价)
周六夜现场,8.0,(422人评价)
双峰镇：遗失的碎片,7.6,(484人评价)
巴比伦饭店 第二季,8.5,(3118人评价)
野兽家族 第二季,8.3,(157人评价)
海普与雷纳德 第二季,0.0,(暂无评分)
金・凯瑞和安迪・考夫曼：超越伟大,8.7,(160人评价)
机器人大擂台 第一季,9.5,(438人评价)
一条狗的使命,7.7,(163258人评价)
母性光辉,6.6,(1814人评价)
黄金比例,0.0,(暂无评分)
男追女 第二季,8.7,(245人评价)
教父(电视剧重剪版),9.5,(783人评价)
雪松湾 第一季,7.5,(41人评价)
干杯酒吧 第一季,8.7,(348人评价)
1000个必游胜地,7.5,(81人评价)
辛普森一家 第三十季,0.0,(尚未播出)
爱情二三事 第二季,7.6,(155人评价)
缘分天注定,7.5,(47571人评价)
加州靡情 第六季,8.3,(694人评价)
热点推手,6.5,(351人评价)
做个好人 第一季,8.1,(210人评价)
警界新人,6.2,(126人评价)
巴比伦饭店 第三季,8.0,(1856人评价)
亚特兰大 第二季,0.0,(尚未播出)
寄居者,6.5,(348人评价)
暑期班的夏天,7.8,(468人评价)
错位青春 第四季,7.5,(111人评价)
南方公园  第三季,9.4,(2916人评价)
同屋姐妹 第一季,8.0,(246人评价)
南方公园 第十三季,9.5,(2660人评价)
闺蜜离婚指南 第二季,7.4,(83人评价)
抗争 第三季,7.0,(75人评价)
飞天大盗 第二季,9.3,(11431人评价)
夫夫们  第一季,6.8,(889人评价)
芝加哥烈焰 第四季,8.3,(295人评价)
火线警探 第五季,8.9,(345人评价)
时空探长,9.5,(490人评价)
风中的花瓣,5.7,(593人评价)
飞天大盗 第三季,9.2,(9554人评价)
兄弟姐妹 第三季,8.8,(1250人评价)
夏威夷特勤组 第五季,7.7,(378人评价)
西部纪实 第一季,8.2,(63人评价)
愉悦与苦痛,6.8,(445人评价)
特效化妆师大对决 第十一季,8.8,(380人评价)
灵媒缉凶  第五季,8.4,(364人评价)
湾畔倾情 第一季,6.0,(84人评价)
谈判先锋,7.2,(379人评价)
布莱克书店  第二季,9.3,(17517人评价)
极速前进 第二十六季,7.6,(555人评价)
蔚蓝海岸,7.0,(358人评价)
费丽丝蒂 第三季,8.5,(137人评价)
王牌特工2：黄金圈,7.0,(167891人评价)
明星伙伴  第六季,9.0,(465人评价)
波吉亚家族(法国版) 第三季,8.6,(114人评价)
混乱之子 第五季,9.0,(321人评价)
人人都爱雷蒙德  第四季,9.0,(1178人评价)
混乱之子  第三季,8.8,(482人评价)
闪点行动  第三季,8.7,(493人评价)
地狱厨房(美版) 第十七季,0.0,(暂无评分)
恶搞之家 第十六季,0.0,(暂无评分)
巴比伦的陷落,7.0,(1710人评价)
辣手保姆,6.7,(7485人评价)
父母好室友,5.1,(62人评价)
疯狂前女友 第三季,0.0,(暂无评分)
海军罪案调查处 第七季,9.0,(1468人评价)
狼门血影,6.8,(1004人评价)
脱狱之王 第一季,6.8,(1607人评价)
比弗利娇妻 第一季,7.0,(309人评价)
婚外情事 第四季,0.0,(尚未播出)
杰茜驾到 第三季,7.3,(837人评价)
百味超市 第一季,7.2,(547人评价)
迮珍娜 第五季,7.6,(120人评价)
辣手藏家 第二季,0.0,(暂无评分)
终极蜘蛛侠 第一季,8.8,(1966人评价)
海岸情缘 第一季,7.1,(45人评价)
双面女间谍 第一季,7.7,(1694人评价)
加州靡情 第七季,8.4,(570人评价)
地狱之轮 第四季,8.9,(338人评价)
探险活宝 第三季,9.7,(1959人评价)
同妻俱乐部 第四季,0.0,(尚未播出)
妙女神探 第七季,8.7,(583人评价)
巴比伦饭店 第四季,7.7,(1397人评价)
异形庇护所 第四季,7.7,(153人评价)
惊天解密,5.8,(3074人评价)
时间管理局 第三季,8.4,(106人评价)
天才 第二季,0.0,(尚未播出)
誓言,0.0,(尚未播出)
美少女的谎言 第四季,7.3,(2740人评价)
众神天堂 第一季,5.4,(227人评价)
犯罪现场调查：迈阿密 第九季,8.2,(637人评价)
梦滨城,8.0,(279人评价)
纽约医务组 第一季,0.0,(暂无评分)
崩溃人生 第一季,6.7,(272人评价)
英伦对决,7.1,(98473人评价)
美少女的谎言 第五季,7.0,(1665人评价)
口香糖 第一季,8.4,(142人评价)
鲜血淋漓 第一季,5.5,(190人评价)
变形金刚,8.1,(244368人评价)
美少女的谎言 第六季,7.0,(1138人评价)
红帐篷,7.5,(113人评价)
罗斯安家庭生活 第一季,7.7,(34人评价)
比弗利富二代 第二季,7.2,(71人评价)
星际旅行：重返地球 第一季,9.0,(464人评价)
塞勒姆 第二季,7.8,(343人评价)
拽妹黛薇儿 第三季,9.3,(898人评价)
拽妹黛薇儿 第四季,9.1,(760人评价)
红番血路 第二季,0.0,(暂无评分)
星球大战：克隆人战争 第一季,8.2,(1803人评价)
不期而至 第二季,6.9,(314人评价)
维多利亚的秘密2012时装秀,8.3,(7205人评价)
查理的天使 第一季,8.1,(320人评价)
护士当家 第七季,8.7,(117人评价)
夏威夷神探 第一季,0.0,(暂无评分)
寻找中 第一季,7.6,(152人评价)
梅宝的剪贴簿 第五季,9.3,(273人评价)
少女设计师 第一季,4.5,(78人评价)
一路绕行 第二季,7.8,(95人评价)
极品基老伴 第二季,9.3,(16302人评价)
我为卿狂 第一季,8.7,(144人评价)
野兽家族 第一季,7.5,(425人评价)
唐顿庄园 第四季,8.2,(24281人评价)
流金岁月 第一季,7.7,(165人评价)
难处之人 第二季,8.4,(46人评价)
青春密语 第四季,7.1,(198人评价)
欢乐再满屋 第二季,0.0,(暂无评分)
草原小屋 第一季,8.3,(143人评价)
千年追凶,7.7,(132人评价)
大脑游戏 第一季,9.1,(200人评价)
美式主妇 第二季,7.8,(86人评价)
古战场传奇 第二季,7.9,(633人评价)
百慕大三角,7.1,(4545人评价)
星际之门 SG-1    第三季,8.7,(304人评价)
星际之门 SG-1    第四季,8.7,(296人评价)
星际之门 SG-1  第五季,8.8,(294人评价)
星际之门 SG-1  第六季,8.8,(255人评价)
海军罪案调查处 第十二季,8.7,(397人评价)
法网恢恢,6.9,(246人评价)
爱非偶然,8.2,(2813人评价)
权欲 第一季,6.5,(414人评价)
天桥骄子 第十五季,7.8,(474人评价)
触摸未来 第二季,7.5,(2108人评价)
海德女士,0.0,(暂无评分)
油脂,7.9,(716人评价)
开心汉堡店 第五季,9.1,(286人评价)
最后一人 第四季,8.5,(63人评价)
飞出个未来  第二季,9.5,(2456人评价)
一路绕行 第一季,7.6,(331人评价)
自闭历程,8.8,(41014人评价)
芝加哥警署 第二季,8.5,(617人评价)
戈德堡一家 第二季,8.8,(804人评价)
南方公园  第六季,9.5,(2333人评价)
李昌钰博士之蛛丝马迹,9.1,(201人评价)
史前新纪元 ,6.8,(4368人评价)
狂欢命案,0.0,(尚未播出)
鬼魅浮生,7.5,(19401人评价)
少年魔法师 第四季,8.2,(188人评价)
全美超模大赛 第二十季,7.3,(4593人评价)
编剧室 第一季,8.3,(74人评价)
圣路教 第三季,0.0,(尚未播出)
前世追案,6.8,(280人评价)
指路明灯,0.0,(暂无评分)
珍麻烦,5.8,(167人评价)
伦敦生活 第一季,8.7,(39079人评价)
皮肤彩绘大对决 第一季,0.0,(暂无评分)
南方公园  第二季,9.3,(3243人评价)
亦正亦邪,0.0,(尚未上映)
急诊室的故事 第十四季,0.0,(暂无评分)
公园男孩 第一季,8.7,(107人评价)
太空堡垒卡拉狄加  第二季,9.0,(2382人评价)
流言终结者 第一季,9.3,(2487人评价)
核爆危机 第一季,7.8,(711人评价)
漂亮/英俊,7.4,(109人评价)
旅途的花样,6.4,(2395人评价)
法律与秩序：特殊受害者 第十九季,0.0,(暂无评分)
超级保姆 第三季,9.2,(46人评价)
秘谍夫妻,6.2,(644人评价)
血玫瑰,6.3,(375人评价)
惊声尖叫 第一季,6.5,(1466人评价)
困兽 第二季,6.1,(328人评价)
宋飞正传 第二季,8.9,(1611人评价)
宋飞正传 第三季,9.1,(1086人评价)
宋飞正传 第四季,9.4,(893人评价)
宋飞正传 第五季,9.3,(807人评价)
欢乐再满屋 第一季,7.5,(39人评价)
宋飞正传 第九季,9.4,(695人评价)
极速前进 第十四季,8.9,(652人评价)
护士当家 第五季,8.6,(200人评价)
火线警探 第二季,8.9,(598人评价)
意外在场,7.0,(137人评价)
末世 第一季,5.6,(3680人评价)
终极一班5,0.0,(尚未播出)
炸天女郎 第一季,6.0,(35人评价)
糊涂侦探(1995年版),9.0,(827人评价)
顶级生活 第二季,0.0,(暂无评分)
夏威夷特勤组 第六季,7.8,(290人评价)
海军罪案调查处 第十三季,9.0,(313人评价)
展会明星 第二季,8.2,(48人评价)
音乐之乡 第一季,7.4,(908人评价)
考斯比一家,8.8,(60人评价)
周六夜现场：拉里・戴维/麦莉・赛勒斯,0.0,(暂无评分)
维兰德 第一季,8.2,(2762人评价)
美国之声 第一季,8.3,(3819人评价)
圣城风云,6.1,(2150人评价)
冒牌牧师 第一季,7.4,(421人评价)
夫夫们 第三季,7.3,(260人评价)
体育老师笑传 第二季,0.0,(暂无评分)
铁证悬案 第二季,8.4,(708人评价)
铁证悬案  第三季,8.5,(536人评价)
与摩根・弗里曼一起穿越虫洞 第四季,9.3,(185人评价)
特殊家庭,0.0,(暂无评分)
天才医院,6.4,(242人评价)
狗狗博客 第二季,8.7,(394人评价)
危机四伏 第一季,8.7,(60人评价)
坏法官,6.5,(660人评价)
劳拉之谜 第一季,7.5,(1624人评价)
少年正义联盟 第一季,9.1,(1635人评价)
雌狮,0.0,(暂无评分)
贝克医生 第一季,0.0,(暂无评分)
天生冤家 第二季,7.3,(346人评价)
死亡地带 第一季,7.4,(328人评价)
大城小妞 第五季,0.0,(尚未播出)
太空堡垒卡拉狄加  第三季,8.7,(1856人评价)
谎言屋 第五季,7.4,(49人评价)
唐顿庄园  第一季,9.2,(100068人评价)
机器肉鸡 第六季,8.6,(74人评价)
猩球崛起2：黎明之战,7.5,(165138人评价)
幸存者：密克罗尼西亚 第十六季,8.8,(952人评价)
惊异传奇,7.7,(46人评价)
名人荒野求生 第二季,8.2,(619人评价)
海军罪案调查处：洛杉矶 第五季,8.1,(269人评价)
秃鹰 第一季,0.0,(尚未播出)
辛普森一家 第十二季,9.4,(750人评价)
夜翼：传承 第一季,0.0,(暂无评分)
戈德堡一家 第四季,8.6,(185人评价)
福尔摩斯新探案,9.5,(1319人评价)
母女在俱乐部相爱 35,0.0,(暂无评分)
格拉夫斯 第一季,6.2,(38人评价)
达尔玛和格里格 第二季,9.1,(254人评价)
我欲为人 第一季,7.6,(2356人评价)
探险活宝 第六季,9.7,(1411人评价)
沼泽猎手 第一季,9.2,(98人评价)
周六夜现场 第四十二季,8.3,(298人评价)
流言 第一季,7.5,(3283人评价)
僵尸之地,6.5,(1094人评价)
星光之恋,5.1,(120人评价)
辣手藏家 第一季,6.7,(85人评价)
陨落星辰 第三季,7.2,(1679人评价)
塞勒姆 第一季,6.3,(1341人评价)
奥斯汀与艾丽 第一季,7.6,(162人评价)
马尔科姆的一家 第三季,9.1,(471人评价)
小情歌,7.4,(232人评价)
战争风云,8.8,(185人评价)
金刚狼3：殊死一战,8.3,(233551人评价)
辛普森一家 第八季,9.5,(1097人评价)
小女巫萨布琳娜 第一季,6.6,(50人评价)
重案疑云,8.3,(1471人评价)
极速前进 第十三季,8.3,(295人评价)
第69届黄金时段艾美奖颁奖典礼,6.7,(210人评价)
日常生存自救手册 第一季,9.1,(1257人评价)
黎明,6.3,(29人评价)
时光尽头的恋人,6.4,(35137人评价)
迷失 特别篇 最终旅途,8.8,(886人评价)
从此出柜 第一季,5.4,(70人评价)
星际旅行-原初-第2季第10集,9.7,(48人评价)
楚门的世界,0.0,(尚未播出)
真实的人类 第三季,0.0,(尚未播出)
超越时间线 第一季,7.7,(2230人评价)
暗影猎人 第三季,0.0,(尚未播出)
谍网 第一季,6.5,(2138人评价)
X音素(美版) 第二季,6.7,(960人评价)
驱魔浪人 第一季,6.2,(424人评价)
贱女孩2,5.7,(9442人评价)
机器肉鸡 第二季,9.1,(168人评价)
怦然心动,8.9,(588816人评价)
流金岁月 第二季,0.0,(暂无评分)
继承,0.0,(尚未播出)
花瓶妻,7.0,(1129人评价)
网络惊魂,8.3,(51人评价)
弦乐航班 第一季,8.9,(619人评价)
洛杉矶之战,6.0,(83935人评价)
永无止境,7.3,(90300人评价)
美国恐怖故事 第九季,0.0,(尚未播出)
性、毒品和摇滚乐 第一季,7.3,(347人评价)
五人归来：好莱坞与第二次世界大战,8.8,(382人评价)
客从何处来 美国版 第三季,0.0,(暂无评分)
我的小马驹：友谊大魔法 第五季,9.2,(254人评价)
肥皂人生,7.0,(238人评价)
远古食人鲨,3.4,(469人评价)
谍网 第三季,0.0,(尚未播出)
重返伊甸园,7.8,(761人评价)
编织记忆 第一季,6.1,(726人评价)
星际之门 SG-1   第一季,8.5,(1328人评价)
醍醐灌顶 第一季,7.5,(213人评价)
复生 第一季,8.6,(13338人评价)
心倾何处 第一季,7.6,(844人评价)
聚焦,8.8,(122586人评价)
凡尔赛 第三季,0.0,(尚未播出)
黑暗的公正,8.2,(434人评价)
麦德兰,9.1,(3243人评价)
处女情缘 第三季,8.1,(103人评价)
神探可伦坡 第二季,8.3,(115人评价)
星际旅行：下一代 第一季,8.8,(745人评价)
威尔和格蕾丝 告别秀,9.6,(1521人评价)
幸存者：南太平洋 第二十三季,7.8,(589人评价)
辛普森一家之万圣节专辑之恐怖树屋,9.1,(649人评价)
麦卡锡一家,7.5,(254人评价)
乔伊 第二季,7.5,(359人评价)
科学禁区,4.9,(263人评价)
老爸说脏话,8.1,(7182人评价)
爱宠大机密,7.5,(125369人评价)
闪光少女,7.4,(75608人评价)
成长的烦恼  第三季,9.6,(2730人评价)
你家还是我家,7.6,(57人评价)
亡者归来 第二季,6.6,(870人评价)
蜘蛛侠 第一季,7.8,(93人评价)
行尸走肉(网络版) 第三季,7.4,(588人评价)
神秘女郎,4.1,(79人评价)
心倾何处 第三季,8.2,(168人评价)
特效化妆师大对决 第十季,7.4,(328人评价)
金枝欲孽,8.8,(62824人评价)
异形魔怪,0.0,(尚未播出)
边境 第一季,6.9,(62人评价)
希区柯克剧场 第四季,8.9,(304人评价)
公正,9.7,(1280人评价)
灵媒缉凶 第二季,8.4,(504人评价)
狙魔女杰 第一季,5.9,(258人评价)
混战特工,6.9,(1129人评价)
活宝三人组,9.4,(1284人评价)
义薄情天,7.1,(334人评价)
开玩笑,0.0,(尚未播出)
丛林中的莫扎特 第二季,7.7,(542人评价)
反恐也疯狂 第一季,0.0,(暂无评分)
犯罪现场调查：迈阿密 第三季,8.4,(742人评价)
莎姆与小猫的新生活 第一季,6.8,(112人评价)
星球大战：义军崛起 第四季,0.0,(暂无评分)
处女情缘 第四季,0.0,(暂无评分)
帝一之国,8.1,(9340人评价)
茶煲表哥 第二季,0.0,(暂无评分)
地狱之轮 第二季,8.5,(641人评价)
蓝色闪电,0.0,(暂无评分)
我的鬼屋 第一季,0.0,(暂无评分)
工作狂 第三季,7.8,(80人评价)
家族罪恶,0.0,(尚未播出)
X音素(美版) 第三季,6.4,(236人评价)
明星伙伴  第三季,8.7,(454人评价)
法律与秩序 第七季,9.2,(111人评价)
明星伙伴  第四季,8.7,(445人评价)
埃及谜语 第一季,0.0,(暂无评分)
仓皇一夜,5.5,(8088人评价)
鬼语者 第二季,7.8,(1333人评价)
神探夏洛克 第三季,8.8,(150796人评价)
查莉成长日记 第四季,9.1,(1027人评价)
成长的烦恼  第四季,9.6,(2628人评价)
制造杀人犯 第二季,0.0,(暂无评分)
锻刀大赛 第一季,9.0,(116人评价)
冒牌天神,7.5,(122079人评价)
温达普规则 第一季,0.0,(暂无评分)
年轻一代 第二季,7.9,(519人评价)
南城警事  第四季,9.3,(551人评价)
守望者 第一季,0.0,(尚未播出)
超市特工  第五季,8.3,(1497人评价)
人类星球,9.8,(11106人评价)
并发症,6.6,(118人评价)
满足 第一季,7.5,(1292人评价)
约会规则  第三季,8.2,(254人评价)
The Beautiful Lie,0.0,(暂无评分)
电子梦：菲利普・狄克的世界,8.0,(2410人评价)
大祸临头 第二季,8.0,(539人评价)
幸存者：正邪之争 第二十季,9.2,(1315人评价)
The Lucy Show Season 1,0.0,(暂无评分)
现代弥赛亚,0.0,(尚未播出)
红橡树 第二季,8.9,(94人评价)
丑女贝蒂(哥伦比亚版) 第一季,8.4,(1702人评价)
机械战警：终极毁灭,6.8,(1292人评价)
错位青春 第三季,7.2,(212人评价)
地狱之轮 第三季,8.6,(443人评价)
明星伙伴 第八季,9.0,(490人评价)
火线警告  第二季,8.2,(876人评价)
人人都恨克里斯 第三季,8.9,(1164人评价)
人人都恨克里斯 第二季,8.9,(1400人评价)
犯罪现场调查：迈阿密 第八季,8.4,(804人评价)
亡后 第一季,0.0,(暂无评分)
星际旅行：原初 第二季,9.6,(653人评价)
那时那处 第一季,5.2,(133人评价)
神探可伦坡 第一季,8.7,(342人评价)
兽穴 第一季,5.6,(333人评价)
海军罪案调查处：洛杉矶 第九季,0.0,(暂无评分)
海军罪案调查处：新奥尔良 第四季,0.0,(暂无评分)
百战天龙 第二季,0.0,(暂无评分)
战地神探 第七季,0.0,(暂无评分)
绿叶 第一季,0.0,(暂无评分)
X战警：新变种人,0.0,(尚未上映)
恶搞之家 第十季,9.3,(529人评价)
消失的爱人,8.7,(364217人评价)
马男波杰克2014圣诞特辑：Sabrina的圣诞愿望,7.4,(1698人评价)
蝙蝠侠：动画版 第三季,9.5,(116人评价)
周六夜现场,7.6,(283人评价)
欢乐再满屋 第三季,0.0,(暂无评分)
一见面就结婚 第一季,0.0,(暂无评分)
谋略大师,8.3,(49人评价)
猫鼠游戏,8.7,(232213人评价)
罪,5.7,(167人评价)
律师本色 第五季,9.2,(108人评价)
停播 第一季,8.8,(234人评价)
全美超模大赛 第十四季,7.3,(2572人评价)
错位青春 第一季,7.2,(2495人评价)
传教士 第三季,0.0,(尚未播出)
七宗罪,8.0,(64人评价)
书写人生,6.9,(1003人评价)
喷子滚开 第一季,6.0,(362人评价)
与摩根・弗里曼一起穿越虫洞 第六季,9.4,(95人评价)
掷出青春,7.6,(141人评价)
明星伙伴  第五季,8.8,(428人评价)
港湾 第四季,7.7,(234人评价)
欧巴，我入戏了,6.4,(144人评价)
极品基老伴：完结篇,9.3,(14124人评价)
疯人疯语,7.8,(3819人评价)
火炬木小组 第四季,7.3,(1816人评价)
杀戮元凶,7.1,(484人评价)
光明世界 第二季,9.4,(552人评价)
工作狂 第六季,0.0,(暂无评分)
同屋姐妹  第二季,7.7,(39人评价)
零点时刻,6.4,(1177人评价)
继续下去(美版) 第一季,8.2,(36人评价)
惩罚者,6.3,(10687人评价)
权欲 第五季,0.0,(尚未播出)
厨艺大师(美版) 第六季,7.8,(939人评价)
大祸临头 第三季,8.3,(109人评价)
光明世界 第一季,9.2,(181人评价)
心舞 第一季,7.7,(610人评价)
哈啦夏令营：十年后,0.0,(暂无评分)
空中浩劫 第一季,9.4,(1826人评价)
名声大噪 第二季,7.2,(1238人评价)
时间隧道,8.6,(854人评价)
地下特工,7.7,(61人评价)
少年厨艺大师 第五季,7.9,(112人评价)
变相怪杰,7.8,(151568人评价)
尸研所 ,7.6,(1754人评价)
驯龙记：伯克岛的龙骑手 第一季,8.4,(2810人评价)
成龙历险记 第一季,7.7,(5350人评价)
黄金女郎 第七季,0.0,(暂无评分)
双螺旋 第一季,6.2,(5273人评价)
夺命岛,6.7,(4278人评价)
源代码,8.3,(407676人评价)
爱有多糟 第一季,7.1,(242人评价)
传世 第二季,6.8,(874人评价)
周六夜现场 第一季,9.2,(2394人评价)
人到中年 第二季,0.0,(暂无评分)
超市特工  第四季,8.1,(2141人评价)
过家家 第一季,6.8,(41人评价)
幸存者：规则改变者之马马努卡群岛 第三十四季,7.7,(410人评价)
吉米・肥伦深夜秀,8.2,(234人评价)
传世 第一季,6.9,(3842人评价)
青春密语  第二季,6.8,(571人评价)
巴特时代,0.0,(暂无评分)
纽约黑帮纪实,8.3,(547人评价)
律师本色 第二季,9.5,(461人评价)
无敌浩克 第一季,0.0,(暂无评分)
飞天大盗 第一季,8.9,(26611人评价)
谎言屋 第四季,7.5,(102人评价)
野棕榈,0.0,(暂无评分)
任性姐妹帮,0.0,(尚未播出)
塞勒姆 第三季,7.9,(161人评价)
殖民地 第一季,6.3,(242人评价)
伪装者  第二季,9.1,(472人评价)
伪装者  第三季,9.1,(387人评价)
迷信 第一季,0.0,(暂无评分)
音乐之乡 第五季,0.0,(暂无评分)
情系夏威夷,8.0,(133人评价)
孤注一生,5.6,(75人评价)
大祸临头 第一季,8.0,(889人评价)
应召男郎 第四季,0.0,(暂无评分)
体育之夜 第一季,8.7,(123人评价)
萤火虫10周年纪念,9.3,(295人评价)
月殒天劫,6.5,(891人评价)
丑闻 第四季,7.0,(1208人评价)
纽约客再现 第一季,8.3,(92人评价)
新超人 第二季,9.1,(246人评价)
24小时：遗产,6.7,(2007人评价)
小律师大作为 第一季,7.1,(1129人评价)
超级保姆 第二季,9.3,(99人评价)
急救精英,9.4,(55人评价)
尖叫皇后 第二季,7.1,(1174人评价)
侠胆雄狮 第二季,6.6,(416人评价)
妙医世家 第二季,0.0,(暂无评分)
江城警事,7.1,(641人评价)
末世 第二季,6.6,(526人评价)
极品基老伴 第一季,8.9,(41483人评价)
阿达一家人 第一季,9.1,(645人评价)
法律与秩序：特殊受害者 第十五季,8.6,(228人评价)
灵医,7.0,(865人评价)
幸存者：同一个世界 第二十四季,7.1,(735人评价)
体育老师笑传 第三季,0.0,(暂无评分)
辛普森一家 第二十三季,9.3,(1446人评价)
汉娜蒙塔娜之万众瞩目,7.4,(312人评价)
小捣蛋,9.7,(370人评价)
东方大学 第一季,0.0,(暂无评分)
夏威夷特勤组 第七季,7.8,(219人评价)
人质,6.3,(1437人评价)
达尔玛和格里格 第一季,8.9,(1040人评价)
海军罪案调查处：洛杉矶 第八季,7.8,(118人评价)
诺丁山,7.9,(189926人评价)
好男当自强 第二季,8.7,(232人评价)
愤怒管理 第一季,6.8,(1467人评价)
不伦家族,0.0,(暂无评分)
恶搞之家  第八季,7.3,(1263人评价)
周六夜现场：库梅尔・南贾尼/P!nk,0.0,(暂无评分)
机器肉鸡  第四季,9.1,(112人评价)
硅谷传奇,7.6,(9666人评价)
老大哥(美版) 第十九季,4.5,(278人评价)
警察学校,7.8,(4351人评价)
我很抱歉 第一季,0.0,(暂无评分)
白闻名,0.0,(暂无评分)
鲁宾逊漂流记,6.9,(361人评价)
查莉成长日记 第三季,9.0,(1284人评价)
谍影迷情 第一季,7.4,(3027人评价)
"Big Time in Hollywood, FL Season 1",0.0,(暂无评分)
活宝斗恶鬼,0.0,(暂无评分)
大世界之旅 第一季,9.4,(1751人评价)
通缉令,7.4,(121608人评价)
暗影猎人 第一季,5.0,(522人评价)
特效化妆师大对决 第六季,7.7,(1116人评价)
灵媒缉凶 第四季,8.4,(383人评价)
二十世纪女人,7.7,(10350人评价)
混乱之子 第二季,8.8,(575人评价)
少林小子闯美国,0.0,(暂无评分)
赏金猎手,6.1,(13891人评价)
白色巨塔,9.5,(33831人评价)
艾伦秀(情景喜剧),9.0,(741人评价)
奇异世界 第一季,9.2,(247人评价)
灵媒缉凶  第七季,8.5,(333人评价)
美国达人 第十二季,0.0,(暂无评分)
单身毒妈  第三季,8.5,(2646人评价)
战士公主西娜 第一季,8.6,(278人评价)
教师故事 第一季,6.3,(29人评价)
大力水手 第一季,8.4,(55660人评价)
寻找埃及王,8.8,(91人评价)
抗争 第二季,6.5,(139人评价)
真相背后,7.1,(279人评价)
吉尔莫女孩 第二季,9.1,(831人评价)
第二十二条军规,0.0,(尚未播出)
我欲为人(美版) 第四季,7.5,(189人评价)
神探可伦坡 第三季,8.8,(55人评价)
黑暗物质 第一季,6.8,(899人评价)
神探可伦坡 第六季,8.5,(28人评价)
神探可伦坡 第七季,0.0,(暂无评分)
神探可伦坡 第九季,0.0,(暂无评分)
神探可伦坡 第十季,0.0,(暂无评分)
日落大道60号,8.4,(1540人评价)
爱痕,7.6,(756人评价)
全美超模大赛 第十五季,8.3,(5286人评价)
夫夫们 第二季,7.7,(528人评价)
加里离婚记 第二季,0.0,(暂无评分)
消消气 第五季,9.4,(88人评价)
辛普森一家  第十三季,9.5,(644人评价)
辛普森一家  第十四季,9.5,(628人评价)
Pleading Guilty,0.0,(暂无评分)
醉酒史 第四季,0.0,(暂无评分)
法律与秩序：特殊受害者 第二季,8.9,(372人评价)
战斗民族养成记,9.1,(17589人评价)
二次大战血泪史,7.2,(34人评价)
周六夜现场：迳夫/戴夫・马休斯乐队,8.2,(1569人评价)
犯罪现场调查：迈阿密 第五季,8.3,(601人评价)
爱在今天,6.7,(51人评价)
女神爱切丝的秘密,8.7,(93人评价)
约翰・奥利弗上周今夜秀 第三季,9.4,(286人评价)
人人都爱雷蒙德  第三季,9.1,(1383人评价)
闪电侠,0.0,(暂无评分)
乡巴佬希尔一家的幸福生活 第十二季,0.0,(暂无评分)
十二猴子 第三季,8.0,(299人评价)
双螺旋 第二季,6.5,(1299人评价)
周六夜现场,6.1,(87人评价)
法律与秩序：特殊受害者 第六季,9.0,(251人评价)
费丽丝蒂 第四季,8.4,(117人评价)
鹰冠庄园 第一季,7.6,(498人评价)
不对等的爱情,8.1,(664人评价)
血宝藏,0.0,(尚未播出)
星际之门：宇宙 第一季,7.4,(953人评价)
毁坏控制,0.0,(暂无评分)
布卢明顿,7.1,(3970人评价)
乡巴佬希尔一家的幸福生活 第十三季,0.0,(暂无评分)
迈克・乔吉剧场：巡演巴士故事,0.0,(暂无评分)
达尔玛和格里格 第五季,8.9,(79人评价)
海绵宝宝 第五季,9.4,(645人评价)
美版美女与书呆子 第一季,6.6,(113人评价)
恐袭波士顿,8.1,(31681人评价)
飞天大盗 第五季,8.8,(7160人评价)
谜案追凶 第二季,6.7,(117人评价)
办公室  第五季,9.3,(898人评价)
恩赐之地 第三季,6.9,(153人评价)
我为喜剧狂  第三季,8.7,(2767人评价)
甜心俏佳人 第二季,8.6,(121人评价)
菜鸟老警,0.0,(尚未播出)
无耻之徒  第三季,8.9,(323人评价)
好汉两个半  第九季,7.3,(3886人评价)
动物星球：为猫痴狂 第一季,8.9,(581人评价)
法律与秩序：特殊受害者 第四季,9.0,(283人评价)
高清二战,8.7,(857人评价)
一个叫欧维的男人决定去死,8.7,(112459人评价)
亲情纽带 第一季,0.0,(暂无评分)
熊熊在哪里 第四季,0.0,(暂无评分)
奇幻心旅,8.4,(3568人评价)
阁楼: 穿制服的女子,0.0,(暂无评分)
X档案 第四季,8.9,(691人评价)
怪妈闯荡记 第二季,7.9,(139人评价)
无所畏惧,8.6,(5194人评价)
鬼语者 第三季,7.8,(955人评价)
混乱之子  第四季,8.8,(363人评价)
命中注定我爱你,7.3,(1251人评价)
血迷棕榈 第一季,6.6,(181人评价)
人人都爱雷蒙德: 最后的笑声,9.1,(807人评价)
恶搞之家 第十一季,9.1,(564人评价)
迈克和茉莉 第一季,8.0,(1871人评价)
小淘气,9.6,(121人评价)
亡命天涯 第一季,0.0,(暂无评分)
外人止步 第一季,0.0,(暂无评分)
离婚 第二季,0.0,(尚未播出)
体育老师笑传 第四季,0.0,(暂无评分)
明迪烦事多 第三季,7.8,(1565人评价)
"遵命, 亲爱的",0.0,(暂无评分)
游戏学院 第一季,5.5,(812人评价)
狙魔女杰 第二季,7.5,(83人评价)
火炬木小组 第一季,7.8,(4883人评价)
法律与秩序：特殊受害者 第七季,8.9,(233人评价)
辛普森一家 第二十八季,8.9,(452人评价)
犯罪侧写师 第一季,8.6,(66人评价)
历史频道：人类大历史 第一季 第一季,7.8,(144人评价)
永远的伍德斯托克,6.2,(77人评价)
厨艺大师(美版) 第七季,6.9,(561人评价)
保姆杰茜 第一季,6.3,(118人评价)
花样男子(美版),2.5,(574人评价)
布莱切利四人组 第一季,8.4,(12648人评价)
飙风女警,5.5,(128人评价)
今生是第一次,8.6,(38508人评价)
伯恩的身份,8.5,(2239人评价)
忠犬八公的故事,9.2,(491959人评价)
西镇警魂 第五季,8.4,(65人评价)
氰化欢乐秀 第三季,9.5,(375人评价)
X档案 第七季,8.8,(526人评价)
镜花水月 第三季,0.0,(尚未播出)
神探可伦坡 第五季,9.0,(33人评价)
欢乐颂 第三季,8.8,(121人评价)
护士当家 第六季,8.4,(132人评价)
御姐奶爸 第四季,7.2,(53人评价)
海军罪案调查处 第十一季,8.7,(555人评价)
好女巫 第三季,0.0,(暂无评分)
罪恶,7.8,(41人评价)
扫兴者 第一季,6.4,(260人评价)
X音素(美版) 第一季,7.5,(1424人评价)
约会规则  第五季,8.4,(182人评价)
无法拥抱的你,0.0,(暂无评分)
法律与秩序：特殊受害者 第十一季,8.7,(260人评价)
拉字至上重启剧,0.0,(尚未播出)
与卡戴珊一家同行 第五季,0.0,(暂无评分)
极速前进 第十二季,8.7,(366人评价)
4400 第二季,7.7,(1488人评价)
禁酒令,9.1,(58人评价)
23号公寓的坏女孩 第一季,7.6,(4444人评价)
美国派(番外篇)7：索爱天书,5.8,(12296人评价)
七宗罪 第一季,8.8,(3097人评价)
保姆911,8.5,(207人评价)
亲爱的白人们,6.8,(221人评价)
西镇警魂 第二季,8.5,(193人评价)
妙女神探 第四季,8.1,(1599人评价)
忍者神龟 第四季,0.0,(暂无评分)
迪普的未解之谜指南 第一季,9.3,(580人评价)
数字追凶  第六季,8.1,(244人评价)
难以伺候 第二季,0.0,(暂无评分)
透明家庭 第五季,0.0,(尚未播出)
梵蒂冈,0.0,(暂无评分)
寻人密探组 第七季,7.5,(78人评价)
飞哥与小佛 第一季,9.4,(1513人评价)
与摩根・弗里曼一起穿越虫洞 第一季,9.3,(2135人评价)
空中监狱,8.1,(113425人评价)
美女上错身 第五季,7.4,(2214人评价)
美国重案 第三季,7.5,(112人评价)
德雷尔一家 第二季,9.4,(3879人评价)
寄养家庭 第一季,7.7,(880人评价)
时空游侠,9.0,(347人评价)
天赋异人 第一季,5.5,(124人评价)
量子裂痕 第一季,8.4,(191人评价)
律师本色 第三季,9.5,(332人评价)
明星伙伴  第二季,8.7,(521人评价)
异猎,4.3,(142人评价)
古怪食物 第一季,8.9,(181人评价)
约会规则  第六季,8.5,(198人评价)
迷离档案 第一季,7.9,(514人评价)
美女上错身 第四季,7.8,(3618人评价)
周六夜现场,8.7,(635人评价)
殊途同归 第一季,9.1,(8464人评价)
迮珍娜 第二季,7.2,(1342人评价)
静地,0.0,(尚未上映)
兄弟姐妹 第四季,8.9,(1094人评价)
机器肉鸡 第五季,8.5,(47人评价)
诈欺担保人 第二季,0.0,(尚未播出)
西部世界,7.0,(6138人评价)
美食、祈祷和恋爱,7.3,(78344人评价)
替身标靶 第二季,8.0,(527人评价)
9号秘事 第一季,8.9,(40723人评价)
凡尔赛 第一季,8.6,(5793人评价)
背叛,6.9,(723人评价)
2004年AVN颁奖典礼,0.0,(暂无评分)
黑名单,5.9,(136人评价)
老大哥(美版) 第十八季,6.8,(372人评价)
美利坚：我们的故事,8.9,(4499人评价)
时间管理局 第二季,8.7,(448人评价)
乐队管家,7.1,(117人评价)
若妻家庭教 避暑地のT惑,0.0,(暂无评分)
沉睡谷 第四季,6.5,(148人评价)
删除者 第一季,4.8,(55人评价)
落梦若水 第一季,5.7,(91人评价)
十二猴子 第二季,7.6,(602人评价)
哈啦夏令营 第一季,6.4,(299人评价)
权欲 第二季,7.4,(188人评价)
亲密伙伴,0.0,(暂无评分)
陨落星辰 第二季,7.5,(2208人评价)
南方公园之梦想国度,9.4,(409人评价)
犯罪现场调查：纽约 第九季,8.3,(1018人评价)
费城永远阳光灿烂 第七季,9.2,(217人评价)
神勇战士 第一季,8.8,(376人评价)
情妇 第二季,7.2,(4308人评价)
扪心问诊  第二季,9.3,(552人评价)
错位青春 第二季,7.4,(461人评价)
闪点行动 第五季,9.4,(332人评价)
基和皮尔 第五季,8.9,(186人评价)
安东尼・波登：未知之旅 第一季,8.8,(276人评价)
律政佳人 第二季,7.8,(257人评价)
诚邀辣妹：网络性与爱 第一季,8.1,(70人评价)
机器肉鸡 第八季,0.0,(暂无评分)
飞黄腾达  第十季,7.9,(539人评价)
美国花花公子,0.0,(暂无评分)
看不见的客人,8.7,(308834人评价)
美国法医档案,9.6,(140人评价)
喜新不厌旧 第四季,0.0,(暂无评分)
凶案大突破 第一季,8.1,(78人评价)
恶魔之子,6.4,(583人评价)
更美好的事 第三季,0.0,(尚未播出)
摇滚校园,7.9,(70人评价)
囚徒,7.1,(3205人评价)
高中也疯狂 第一季,7.1,(110人评价)
猎魔人,0.0,(尚未上映)
Couple Thinkers Season 1,0.0,(暂无评分)
天堂的雷霆,8.5,(468人评价)
蜘蛛侠：英雄归来,7.4,(175103人评价)
干杯酒吧 第七季,0.0,(暂无评分)
法律与秩序：犯罪倾向 第一季,8.8,(583人评价)
流言终结者 第四季,9.7,(123人评价)
美眉校探  第二季,8.6,(2475人评价)
了不起的盖茨比,7.7,(273151人评价)
明星伙伴  第七季,8.8,(460人评价)
辛巴达历险记 第一季,8.9,(2179人评价)
我为喜剧狂  第四季,8.8,(1835人评价)
妙女神探 第六季,8.2,(715人评价)
嘻哈市长,0.0,(暂无评分)
美女上错身 第六季,7.4,(1634人评价)
探险活宝 第二季,9.6,(2179人评价)
怪诞小镇特别篇：松林之间,9.5,(717人评价)
美国之声 第十三季,0.0,(暂无评分)
沙拉斯尔弗曼的节目 第一季,8.2,(53人评价)
萨利机长,8.3,(138458人评价)
阿甘妙世界 第五季,9.6,(92人评价)
23号公寓的坏女孩 第二季,7.5,(1481人评价)
南方公园 第十一季,9.5,(2436人评价)
侠骨柔情 第一季,8.5,(87人评价)
异能 第一季,5.2,(423人评价)
十三号仓库 第五季,8.2,(874人评价)
消消气 第四季,9.4,(99人评价)
一锤定音,7.4,(6723人评价)
茶煲表哥 第一季,8.7,(188人评价)
龙虎少年队 第一季,7.9,(156人评价)
脱狱之王 第二季,7.3,(501人评价)
流言蜚语,6.4,(6561人评价)
爱,8.5,(49279人评价)
我们孤胆，我们并肩,9.4,(274人评价)
应用星球,0.0,(暂无评分)
艾伦秀 第十一季,8.7,(613人评价)
军旅轶事,7.0,(659人评价)
命运规划局,6.9,(62012人评价)
斯蒂尔传奇 第一季,8.2,(660人评价)
神探南茜,0.0,(暂无评分)
在云端,7.9,(156251人评价)
慈悲街 第二季,0.0,(暂无评分)
传奇卧底 第二季,7.7,(92人评价)
陨落星辰 第四季,6.8,(1061人评价)
启示录,7.4,(236人评价)
熟女梦工厂,0.0,(暂无评分)
理发店的笑声,5.9,(176人评价)
为人父母 第六季,9.2,(75人评价)
卧底情劫 第一季,5.7,(43人评价)
暗影猎人 第二季,6.5,(124人评价)
骷髅一家,7.5,(730人评价)
客从何处来 美国版 第四季,0.0,(暂无评分)
法律与秩序：特殊受害者 第十六季,8.8,(251人评价)
信徒,6.2,(1435人评价)
肖申克的救赎,9.6,(946922人评价)
霹雳游侠2000电影版,8.4,(525人评价)
犯罪现场调查：迈阿密 第七季,8.3,(556人评价)
楚门的世界,9.1,(491364人评价)
犯罪现场调查：迈阿密 第四季,8.3,(719人评价)
贫民窟的百万富翁,8.5,(400925人评价)
少年时代,8.5,(137408人评价)
宇航员之妻,6.4,(98人评价)
美国之声 第七季,7.2,(621人评价)
新推理探案3,9.0,(58人评价)
超级科学伙伴,9.0,(653人评价)
无耻之徒 第八季,8.8,(130人评价)
盾牌 第六季,9.1,(229人评价)
双面女间谍 第三季,8.2,(377人评价)
机器战警电视剧,7.0,(54人评价)
双面女间谍 第五季,8.0,(289人评价)
星蝶公主 第三季,9.2,(100人评价)
国土安全 第八季,0.0,(尚未播出)
音乐玩家 第一季,0.0,(暂无评分)
独眼巨人,3.5,(261人评价)
极速前进 第二十九季,7.1,(314人评价)
远古入侵 第一季,7.5,(2826人评价)
宝石之国,9.1,(7054人评价)
法网危情,6.5,(469人评价)
全美超模大赛 第十六季,8.2,(3865人评价)
豪门恩怨 第一季,7.9,(261人评价)
都市故事,0.0,(暂无评分)
倒错人生 第三季,8.4,(221人评价)
詹姆士柯登深夜秀 第二季,0.0,(暂无评分)
少年正义联盟 第二季,9.3,(1137人评价)
小律师大作为 第二季,7.7,(516人评价)
法律与秩序 第六季,9.2,(112人评价)
重获新生 第一季,8.0,(1665人评价)
约会规则  第四季,8.2,(213人评价)
星际迷航：发现号 第二季,0.0,(尚未播出)
好汉两个半 第十季,7.6,(2829人评价)
超能 第二季,0.0,(尚未播出)
鞋店事务所 第二季,7.9,(537人评价)
两世奇人,6.2,(235人评价)
阿尔法屋 第一季,8.1,(634人评价)
蝴蝶效应,8.7,(394612人评价)
维多利亚的秘密2010时装秀,8.6,(2207人评价)
极盗车神,7.1,(91625人评价)
泰星来客 第一季,8.7,(1169人评价)
西镇警魂 第四季,8.8,(88人评价)
更多都市故事,0.0,(暂无评分)
芝加哥烈焰 第一季,7.5,(1743人评价)
剪刀手爱德华,8.7,(501541人评价)
厨艺大师(美版) 第五季,7.9,(1453人评价)
全球重大凶案 第一季,8.5,(995人评价)
神经马龙 第一季,7.0,(91人评价)
水下之秘,7.8,(305人评价)
纵横四海,8.3,(364人评价)
梅赛德斯先生 第二季,0.0,(尚未播出)
台词落谁家 第一季,8.6,(55人评价)
蔗糖女王 第一季,0.0,(暂无评分)
圣女魔咒 第二季,0.0,(暂无评分)
时间管理局 第一季,8.2,(1255人评价)
美国偶像 第八季,8.6,(1843人评价)
凡尔赛 第二季,8.9,(1863人评价)
黑洞频率,7.0,(1419人评价)
妖女迷行  第三季,7.4,(1078人评价)
杀手信徒 第三季,7.1,(333人评价)
X档案 第五季,9.0,(686人评价)
至亲血统 第一季,7.5,(453人评价)
神秘河,7.0,(1699人评价)
异度觉醒,7.6,(2563人评价)
雪山镇 第一季,8.7,(1311人评价)
鬼语者 第四季,7.9,(897人评价)
后宫的规条,7.9,(621人评价)
纽约传奇,6.9,(893人评价)
杀出个黎明 第二季,6.9,(425人评价)
灵异之城 第五季,8.6,(333人评价)
希区柯克剧场 第六季,9.2,(40人评价)
谍影迷情 第二季,7.6,(1393人评价)
像男人一样思考,6.8,(8691人评价)
意外邀约,0.0,(暂无评分)
我家来个外国人,7.7,(294人评价)
明迪烦事多 第五季,7.3,(88人评价)
人人都恨克里斯 第四季,8.9,(1150人评价)
胡迪尼与道尔,7.6,(174人评价)
厨艺大师(美版) 第三季,8.6,(2526人评价)
屋事生非 第一季,8.7,(3903人评价)
罪城苏布拉,0.0,(暂无评分)
霹雳游侠 第四季,0.0,(暂无评分)
霹雳游侠 第三季,0.0,(暂无评分)
与哈蒙见伟人,0.0,(暂无评分)
拽妹黛薇儿要上大学了没,9.4,(552人评价)
朱门恩怨 第一季,7.4,(40人评价)
红番血路 第一季,5.5,(130人评价)
心倾何处 第二季,7.5,(155人评价)
吸血鬼猎人巴菲 第四季,8.4,(170人评价)
周六夜现场：詹姆斯・弗兰科/SZA,7.4,(82人评价)
法律与秩序 第八季,9.1,(89人评价)
法律与秩序 第九季,9.2,(55人评价)
法律与秩序 第十一季,0.0,(暂无评分)
法律与秩序 第十二季,0.0,(暂无评分)
法律与秩序 第十五季,0.0,(暂无评分)
法律与秩序 第十八季,0.0,(暂无评分)
中间人(美版),7.3,(577人评价)
灵书妙探 第八季,8.1,(1545人评价)
与卡戴珊一家同行 第四季,0.0,(暂无评分)
歪星撞地球  第五季,9.2,(529人评价)
逃离丹尼莫拉,0.0,(尚未播出)
里克和史蒂夫: 全世界最快乐的同志伴侣 第一季,8.5,(544人评价)
卢克・凯奇 第二季,0.0,(尚未播出)
阿甘正传,9.4,(762691人评价)
泰坦尼克号,9.2,(703518人评价)
法律与秩序：特殊受害者 第十三季,8.5,(293人评价)
约会规则 第七季,8.4,(189人评价)
谎言游戏  第一季,6.7,(1612人评价)
鸦林镇,5.4,(245人评价)
兵工厂女郎 第一季,7.1,(121人评价)
2017 MTV音乐录影带颁奖典礼,0.0,(暂无评分)
MTV之富家女的生日就该这么过,0.0,(暂无评分)
诸神之战,7.2,(963人评价)
飞天大盗 第四季,8.7,(7663人评价)
新飞越比佛利 第一季,6.7,(3871人评价)
吉尔莫女孩 第七季,8.9,(401人评价)
十二猴子 第四季,0.0,(尚未播出)
实习医生风云 第一季,8.6,(2124人评价)
归途,0.0,(尚未播出)
黑道无国界,8.1,(313人评价)
战士,0.0,(尚未播出)
惊声尖叫 第二季,6.4,(383人评价)
最错决定 第三季,7.7,(45人评价)
情感状态 第一季,0.0,(暂无评分)
海军罪案调查处  第八季,9.0,(1207人评价)
护士当家 第四季,8.3,(278人评价)
控制中心,0.0,(暂无评分)
如果还有明天 第三季,8.0,(1758人评价)
游击战,0.0,(暂无评分)
都铎王朝 第三季,7.6,(3642人评价)
艺校故事,7.3,(133人评价)
特效化妆师大对决 第十二季,0.0,(暂无评分)
艾伦秀 第十二季,9.0,(247人评价)
灵媒缉凶  第三季,8.5,(412人评价)
黑霹雳,0.0,(尚未播出)
这个男人来自地球,8.5,(179100人评价)
极速前进：加拿大版 第三季,8.9,(110人评价)
波吉亚家族(法国版) 第二季,8.7,(215人评价)
生存指南,0.0,(暂无评分)
超能少年 第三季,7.8,(3041人评价)
矮子毒枭,0.0,(暂无评分)
维多利亚的秘密2001时装秀,8.1,(138人评价)
关键第四号,6.1,(56707人评价)
忠诚,7.0,(220人评价)
青春密语 第五季,6.9,(119人评价)
幸福大家庭,6.6,(149人评价)
乡巴佬希尔一家的幸福生活 第十一季,0.0,(暂无评分)
急诊室的故事 第十三季,0.0,(暂无评分)
凯文救世界,7.0,(72人评价)
中产家庭 第五季,8.9,(557人评价)
郊区故事 第三季,7.2,(85人评价)
最后一人 第三季,8.5,(69人评价)
复仇 第三季,7.2,(6769人评价)
家有四宝,0.0,(暂无评分)
十诫,9.0,(15374人评价)
停播 第二季,9.1,(47人评价)
医缘,7.8,(1624人评价)
铁证悬案 第七季,8.5,(423人评价)
成长不容易,0.0,(暂无评分)
舞动芝加哥 第一季,6.6,(143人评价)
恋爱手册,6.8,(1339人评价)
尖兵实录 第一季,8.8,(103人评价)
数字追凶  第二季,8.1,(347人评价)
未来哥哥 第一季,0.0,(暂无评分)
飓风营救 第一季,6.7,(494人评价)
卡米拉 第一季,8.3,(881人评价)
生活向前冲,7.6,(1680人评价)
中产家庭 第四季,8.9,(777人评价)
欢乐合唱团：真人秀 第二季,7.1,(85人评价)
幸福终点站 第三季,7.7,(275人评价)
他,7.3,(390人评价)
伯德小姐,8.1,(29966人评价)
无敌骑士,8.3,(38人评价)
假亦真 第一季,6.6,(1547人评价)
熊熊在哪里 第一季,7.3,(144人评价)
坏老师,6.4,(1504人评价)
特效化妆师大对决 特别篇,8.0,(124人评价)
私人诊所 第六季,7.8,(184人评价)
富贵逼人来,8.1,(3723人评价)
超市特工 第二季,8.3,(4006人评价)
时尚风行,7.4,(462人评价)
使徒,0.0,(尚未上映)
同窗那些事儿,0.0,(暂无评分)
欲海医心 第一季,7.3,(1316人评价)
客从何处来 美国版 第二季,0.0,(暂无评分)
爆笑女警 第二季,7.7,(305人评价)
X档案：征服未来,6.9,(6444人评价)
唐顿庄园 第六季,9.2,(14567人评价)
僵尸国度 第五季,0.0,(尚未播出)
世外桃源,0.0,(暂无评分)
数字追凶  第三季,8.2,(250人评价)
荒原 第三季,0.0,(尚未播出)
月满荒原,6.4,(63人评价)
芳芳,8.1,(67303人评价)
十一罗汉,7.9,(104988人评价)
同屋姐妹 第三季,0.0,(暂无评分)
完美陌生人,8.6,(156195人评价)
芝麻街 第一季,8.3,(588人评价)
大空头,8.3,(84198人评价)
数字追凶  第四季,8.1,(220人评价)
数字追凶  第五季,8.2,(212人评价)
混乱之子 第七季,9.2,(253人评价)
闺蜜离婚指南 第一季,6.6,(273人评价)
起跑线,8.2,(8858人评价)
黄金女郎 第二季,8.7,(55人评价)
海军罪案调查处 第五季,9.1,(1350人评价)
圣殿春秋,8.4,(3714人评价)
犯罪心理：超越边界 第一季,6.0,(784人评价)
暮光之城,7.3,(278136人评价)
愤怒管理 第二季,7.1,(487人评价)
混乱之子 第六季,8.8,(265人评价)
海绵宝宝 第七季,9.3,(966人评价)
巨塔杀机,0.0,(尚未播出)
美国老爸 第一季,8.7,(627人评价)
幸存者：婆罗洲 第一季,8.3,(188人评价)
幸存者：菲律宾 第二十五季,8.2,(660人评价)
南方公园 第二十二季,0.0,(尚未播出)
事实真相 第一季,9.1,(84人评价)
恐怖博士的欢唱博客,7.6,(1168人评价)
未来战警,6.7,(27265人评价)
神秘的夜人,7.9,(48人评价)
性与暴力 第二季,7.3,(45人评价)
特雷弗・诺亚每日秀 第一季,8.4,(99人评价)
魔幻都市 第二季,7.6,(171人评价)
重获新生  第二季,8.0,(425人评价)
冤家成双对 第一季,9.0,(11982人评价)
神探可伦坡 第四季,8.9,(44人评价)
妖女迷行  第一季,6.9,(4008人评价)
约翰・奥利弗上周今夜秀 第一季,9.5,(364人评价)
迮珍娜 第三季,6.7,(460人评价)
88年劫案,0.0,(尚未播出)
危情三日,7.9,(60073人评价)
天使的愤怒,7.0,(39人评价)
爱你到死 第一季,7.8,(194人评价)
杰茜驾到 第一季,7.2,(5784人评价)
达尔玛和格里格 第三季,9.1,(142人评价)
达尔玛和格里格 第四季,9.0,(108人评价)
体操公主 第一季,7.8,(1842人评价)
特警4587,8.8,(191人评价)
古战场传奇 第四季,0.0,(尚未播出)
セクシャルダイナマイトヒロイン アマゾニアンプリンセス グラマラスレディ,0.0,(暂无评分)
邻家特工,6.1,(66285人评价)
后宫・甄执,8.9,(132466人评价)
詹姆士柯登深夜秀 第一季,8.3,(134人评价)
周六夜现场,5.1,(66人评价)
重造历史,6.3,(315人评价)
越界追踪 第三季,6.6,(59人评价)
驱魔人,7.6,(34200人评价)
监狱风云  第二季,9.0,(1236人评价)
最有可能成功,8.7,(88人评价)
惊声尖叫 第三季,0.0,(尚未播出)
卡通明星大乱斗 第一季,7.8,(287人评价)
心病难医,6.9,(66人评价)
搏击王国 第二季,8.4,(221人评价)
辛普森一家 第九季,9.5,(1017人评价)
极速前进 第二十八季,7.7,(597人评价)
发展受阻 第四季,8.5,(1361人评价)
中产家庭 第六季,9.1,(317人评价)
终结者 第一季,0.0,(尚未播出)
机器肉鸡 第七季,9.1,(53人评价)
复仇天使,5.7,(793人评价)
安东尼・波登：未知之旅 第八季,9.0,(37人评价)
马赫脱口秀 第十五季,0.0,(暂无评分)
老大哥(美版) 第十七季,7.1,(503人评价)
兄弟姐妹 第二季,9.0,(1782人评价)
成长的烦恼  第六季,9.6,(2348人评价)
偷拐抢骗 第一季,7.1,(1247人评价)
辐射：核子可乐之旅,8.6,(115人评价)
云图,8.0,(274831人评价)
真实故事,0.0,(暂无评分)
星球大战：义军崛起 第二季,8.2,(191人评价)
亡命天涯,7.6,(488人评价)
绑架危机,6.7,(708人评价)
天生冤家 第一季,7.0,(799人评价)
真正的正义 第一季,0.0,(暂无评分)
费城永远阳光灿烂 第十一季,9.4,(85人评价)
至爱梵高・星空之谜,8.6,(86077人评价)
糖衣陷阱,6.7,(188人评价)
舞魅天下 第一季,8.4,(294人评价)
监狱风云  第四季,9.1,(911人评价)
星球大战：义军崛起 第一季,7.3,(301人评价)
吸血鬼日记：似海情深,0.0,(暂无评分)
3%,7.1,(324人评价)
掷地有声 第三季,8.0,(161人评价)
哨兵 第二季,8.9,(65人评价)
哨兵 第三季,8.8,(50人评价)
哨兵 第四季,8.8,(50人评价)
时尚烟云,7.6,(696人评价)
The Surgeon General,0.0,(暂无评分)
脱线家族,0.0,(暂无评分)
犯罪现场调查：纽约 第四季,9.0,(1858人评价)
守法公民,7.9,(64378人评价)
重任在肩 第二季,9.2,(630人评价)
鬼语者  第五季,7.8,(889人评价)
黑道家族  第五季,9.3,(1656人评价)
黑道家族 第四季,9.2,(1762人评价)
鲜血淋漓 第二季,0.0,(暂无评分)
指匠情挑,8.9,(50381人评价)
同屋姐妹 第四季,0.0,(暂无评分)
格拉夫斯 第二季,0.0,(暂无评分)
马尔科姆的一家 第七季,8.9,(1074人评价)
消消气 第三季,9.2,(116人评价)
消消气 第六季,9.4,(86人评价)
勇者,0.0,(暂无评分)
辛普森一家 第三季,9.5,(2106人评价)
星际传奇,0.0,(暂无评分)
喜剧中心詹姆斯・弗兰科吐槽大会,8.1,(3285人评价)
Her Story,8.3,(64人评价)
狮子王,8.9,(294071人评价)
X探员,5.1,(53人评价)
地狱恶魔 第一季,5.1,(83人评价)
极速前进 第一季,9.1,(880人评价)
血迷棕榈 第三季,7.1,(38人评价)
亲爱的，我把孩子变小了 第一季,8.8,(333人评价)
电脑娃娃 第一季,8.9,(2949人评价)
丧心病探,7.2,(490人评价)
24小时：救赎,7.6,(4135人评价)
金钱，权力，华尔街 第一季,8.8,(50人评价)
两个人的独角戏,8.2,(1991人评价)
极速前进：未尽之旅 第十八季,8.6,(571人评价)
无声的证言 第十四季,8.7,(59人评价)
